Sample in Buffer,Sample in Window,TRIGGER,int_dac_top/top_dac1_int/tx_tdata[255:0],int_dac_top/top_dac1_int/syncb_buf,int_dac_top/top_dac1_int/syncb_logic,sysref_logic,sysref_o,u_ila_3_tx_aresetn
0,0,0,9035da30773aa129de3d5721b03f3318e13f700e6f3e4f04633b11fad236faef,0,1,0,0,1
1,1,0,00c0b2edcfc0b6f73dc3f10139c71f0caaccfe156bd34c1f50dbcd2726e4492f,0,1,0,0,1
2,2,0,a035cfed5d2f40e4e52768db661f80d31a16bbcc3c0c47c70f0247c3d4f7d4c0,0,1,0,0,1
3,3,0,31e6c630ddefc336f3f9583b3104683e530edf3f1718b33f3e21e63d8a29833a,0,1,0,0,1
4,4,0,9af582c0a9eb0ac03de235c195d9fcc3e9d14cc86bcb0ace45c60fd59ac22edd,0,1,0,0,1
5,5,0,3a2b903934325d34e437d22d263c1c26de3e6b1df93ff913723f050a4a3dcfff,0,1,0,0,1
6,6,0,01c217df43c044e828c00df2aec132fccdc46f0671c983107acf2a1ac1d62523,0,1,0,0,1
7,7,0,9a3c8efd8b3863f309338ae9392c44e04624ced7661b60d0d3112acaca0755c5,0,1,0,0,1
8,8,0,80d801250ae1dc2c5fea913342f4f43872fee23cac08403fad120040331c1c3f,0,1,0,0,1
9,9,0,8d0578c44ffb7cc12ff119c071e75ac054de3bc214d6b2c5e7cea7cafbc8fad0,0,1,0,0,1
10,10,0,341eb23ed226d73b702e7437de34a531f239912a8a3d66228e3f5919f13fa60f,0,1,0,0,1
11,11,0,ddc788d2aec34cda0ac108e303c081eca0c07bf6dcc2b200a9c6e50aeecbd114,0,1,0,0,1
12,12,0,cf3f750d343e4d03013b11f94b3601ef323061e5dc2870dc7a2067d444177dcd,0,1,0,0,1
13,13,0,45cdef1625d42c2024dc96280ee5f52fa9ee1b36b6f8de3af3021e3e1c0dc83f,0,1,0,0,1
14,14,0,271523cc3f0bd2c60d01f7c2d5f6adc0d8ec02c059e3fac096da90c3c8d2b2c7,0,1,0,0,1
15,15,0,4e0fed3f0519983f1922a33d4d2a193a6c3112354637af2eb63b1a279f3e851e,0,1,0,0,1
16,16,0,37d1cdc8d9caacced8c5cfd553c207de63c01de714c0d7f069c1f4fa57c43205,0,1,0,0,1
17,17,0,0c3f851cff3f04134e3f0609fe3ccdfe1d399cf4c733b5ea1d2d5ae14b25c8d8,0,1,0,0,1
18,18,0,31c56f07f9c97b1124d0141b88d7fb23f5dff72b34e9d23209f3603833fd7c3c,0,1,0,0,1
19,19,0,712307d77d1ab6cfdb10a1c9ca06f0c48dfcc3c166f22ec099e83bc065dfebc1,0,1,0,0,1
20,20,0,73ff2f3dab09653fa313fc3f1a1def3ed225453c932d103828346c3268397d2b,0,1,0,0,1
21,21,0,7add81c253d51ec643ce37cb79c8aad11cc44cd947c1ede10dc053eb77c040f5,0,1,0,0,1
22,22,0,5e3acf29cf3d8c21aa3f6c18e53fac0e7c3e8c047a3b4efaf23635f0013184e6,0,1,0,0,1
23,23,0,c6c07af72ac3b4011dc7e30b85ccc4153fd3171f1edb9d27eee3202f77ed6e35,0,1,0,0,1
24,24,0,872f78e414289bdb9b1facd35316e0cc790c64c74c025ac311f8dec009ee00c0,0,1,0,0,1
25,25,0,a2efa336b6f9413bf4035a3e170edb3fdf17b93f0921f53d5c299b3a9f30c135,0,1,0,0,1
26,26,0,e3eb08c074e229c1c6d9e7c313d22ec88ecbe4cd60c6e2d4acc2fadc8ac0f9e5,0,1,0,0,1
27,27,0,0e328034c637fd2d113c4d26d23ea11df83f3314793f410a5b3d0c00ab39d6f5,0,1,0,0,1
28,28,0,49c00ce823c0d2f1a0c1f5fbb6c4320651c9471052cff21992d6f222e2de0d2b,0,1,0,0,1
29,29,0,a7389ff32e33c3e9652c79e07924fed79e1b89d00d124cca07086ec5cbfd11c2,0,1,0,0,1
30,30,0,d5e0b12c26ea6d3306f4d83835fecf3c6f08373f72120040fc1b263fcf24ae3c,0,1,0,0,1
31,31,0,8cfb89c16bf11dc0aae753c089de2bc242d699c50ecf85ca1bc9d0d08fc450d8,0,1,0,0,1
32,32,0,a126ed3b462e9237bc34cc31d839bf2a793d9922873f9119f43fe10fbe3eca05,0,1,0,0,1
33,33,0,c3c31bda16c1d1e205c047ec97c03ef6cac275008ec6a90acacb97145dd2fe1d,0,1,0,0,1
34,34,0,423e8b03193b4df96c363cef5a3099e50b29a3dcaf2094d47d17a2cdb10dfbc7,0,1,0,0,1
35,35,0,f8d3f71ff1db6628d7e4cd2f6eeefa3579f8c53ab5020f3ee00cc33fb616d43f,0,1,0,0,1
36,36,0,7b0bedc64b010ac311f7b6c013ed01c090e3f0c0c8da7cc3f4d295c747cc20cd,0,1,0,0,1
37,37,0,cd189f3fe521b33d1f2a323a453134352737d92ea03b4a27923eba1eea3f6115,0,1,0,0,1
38,38,0,fcca86cef1c5a1d564c2d3dd6ac0e5e612c09bf05cc1b7fa41c4f504aec8120f,0,1,0,0,1
39,39,0,fe3f3e13573f4309103d0aff3939d8f4eb33efea482d90e17d25f9d8bc1c61d1,0,1,0,0,1
40,40,0,d9c94011fbcfdc1a58d7c823c0dfca2bfbe8ad32cdf24338f6fc683c3307023f,0,1,0,0,1
41,41,0,b41adecf1611c1c9070708c5cafcd2c1a2f233c0d2e836c09adfdcc136d719c5,0,1,0,0,1
42,42,0,6e095d3f6813fd3fe31cfa3ea1255a3c672d2e38053492324d39aa2b1d3da423,0,1,0,0,1
43,43,0,81d504c66ace14cb98c880d131c41cd953c1b7e110c019eb6fc003f570c236ff,0,1,0,0,1
44,44,0,bf3dc021a43fa418e83fe70e893ec904903b8bfa113771f02831bde6fe29aedd,0,1,0,0,1
45,45,0,17c3770101c7a70b61cc8a1513d3e11eecda6d27b7e3f62e3ded4c353df7443a,0,1,0,0,1
46,46,0,4428cddbd11fd8d38c1605cdb50c80c789026ec34ef8e8c044ee01c0afe4bcc0,0,1,0,0,1
47,47,0,79f92a3bb7034c3edc0dd73fa617bf3fd520053e2d29b43a7730e2358336b02f,0,1,0,0,1
48,48,0,aae21ec1f7d9d2c33ed210c8b1cbbecd7ac6b5d4bdc2c7dc92c0c1e506c067ef,0,1,0,0,1
49,49,0,a837282efc3b7e26c73ed71df63f6e14813f7e0a6c3d4900c53913f6a3341dec,0,1,0,0,1
50,50,0,1fc096f193c1b8fb9fc4f50531c90c102acfba1964d6be22aededf2ad3e7e731,0,1,0,0,1
51,51,0,5333fce9912cafe0ab242ed8d51bb2d048126dca430887c509fe20c2dbf34fc0,0,1,0,0,1
52,52,0,ece94833caf3bc38f7fdbb3c32082d3f37120040c51b303f9d24c13c852cc438,0,1,0,0,1
53,53,0,a7f121c0e3e74dc0bdde1cc271d680c536cf64ca3ac9a7d0a6c420d897c19fe0,0,1,0,0,1
54,54,0,1c2eb1379934f231be39ec2a683dcd227f3fc919f63f1d10ca3e0706023cc9fb,0,1,0,0,1
55,55,0,21c19be206c00dec8fc001f6b8c2380073c66d0aa7cb5d1432d2c81dead97026,0,1,0,0,1
56,56,0,303b8af98c3677ef8230d1e53a29d6dce420c1d4b617c8cdec0d19c8c803d8c3,0,1,0,0,1
57,57,0,bfdb37289fe4a42f34eed9353cf8ad3a7802003ea40cbd3f7c16d83fc21f503e,0,1,0,0,1
58,58,0,88011cc34ef7bfc04ded00c0c7e3e5c0fada68c31fd378c76bccfbcc09c7ccd3,0,1,0,0,1
59,59,0,b121c33df1294b3a1d3156350837022f8a3b7b27853ef01ee73f9b15a63fb80b,0,1,0,0,1
60,60,0,0bc674d575c29fdd71c0ade60fc060f050c17afa2bc4b8048fc8d70e5fce9418,0,1,0,0,1
61,61,0,5f3f7f09223d47ff543914f50f3429eb742dc6e1af2529d9f31c8bd179131ecb,0,1,0,0,1
62,62,0,d3cfa51a29d796238bdf9d2bc2e8873291f22638b9fc543cf606f73e0511fd3f,0,1,0,0,1
63,63,0,5111e2c9440720c507fde0c1def238c00be931c0cfdfcdc165d701c506d0b8c9,0,1,0,0,1
64,64,0,2e13fe3fac1c053f6f256e3c3c2d4b38e133b7323139d72b0b3dd723543fec1a,0,1,0,0,1
65,65,0,90cef2cab7c856d147c4ebd860c181e112c0dfea68c0c7f45fc2f9feeac53209,0,1,0,0,1
66,66,0,9d3fdd18eb3f230f963e0605a73bc8fa3037acf05031f5e62c2ae2ddf421aed5,0,1,0,0,1
67,67,0,e5c66a0b3dcc5115e7d2ab1ebada3d2781e3cd2e02ed2a3500f72b3a3901ae3d,0,1,0,0,1
68,68,0,062005d4c6162acdf10c9dc7c70282c38af8f3c07fee01c0e6e4b3c000dc04c3,0,1,0,0,1
69,69,0,79033e3ea00dd23f6d17c43fa020143efe28cc3a4f3003366336d82f123b7428,0,1,0,0,1
70,70,0,29dabdc369d2f3c7d4cb98cd95c687d4cfc294dc9ac089e504c02cef12c13cf9,0,1,0,0,1
71,71,0,e73baf26bb3e0e1ef33fa814893fba0a7e3d8600df394ff6c63457ec522ee1e2,0,1,0,0,1
72,72,0,85c17bfb89c4b80512c9d10f03cf811935d68b227adeb22a9ae7c1315af18a37,0,1,0,0,1
73,73,0,bd2ce4e0dd245ed80c1cdcd083128fca8008a0c546fe30c217f455c036ea1cc0,0,1,0,0,1
74,74,0,8ef39f38bafda83cf607233ffd1100408e1b393f6b24d43c582ce03824337733,0,1,0,0,1
75,75,0,1ce847c0f1de0cc2a0d667c55dcf42ca5ac97ed0bdc4f1d7a4c16ae025c0b3e9,0,1,0,0,1
76,76,0,76341832a3391a2b563d0023773f011af83f5810d63e4406173c06fccf37e2f1,0,1,0,0,1
77,77,0,08c0d3eb87c0c5f5a7c2fbff58c6300a84cb231407d2921db8d93f2664e2f12d,0,1,0,0,1
78,78,0,ac36b3efaa3009e6692909dd1821efd4ef17eecd280e37c80504edc3c7f92cc1,0,1,0,0,1
79,79,0,68e47b2ff9edb83500f8943a3b02f13d680cb83f4316dc3f8c1f5e3e0728473b,0,1,0,0,1
80,80,0,8bf7c9c088ed00c0fee3dbc02cdb54c34bd35bc78fccd6cc25c7a0d32fc38cdb,0,1,0,0,1
81,81,0,c229653af6307735e9362c2f733bab27783e261fe43fd415ac3ff40bd33dc501,0,1,0,0,1
82,82,0,85c26cdd79c074e60cc025f043c13dfa16c47b0471c89b0e38ce5c1846d57d21,0,1,0,0,1
83,83,0,343d85ff6f3951f5323463eb9f2dfce1e0255ad9291db6d1b31341cbbc0925c6,0,1,0,0,1
84,84,0,fad6632356df702b89e8613255f208387cfc3f3cb906ec3eca10fb3f6d1a683f,0,1,0,0,1
85,85,0,810738c544fdefc11af33dc044e92dc004e0bfc195d7eac42fd098c903caaacf,0,1,0,0,1
86,86,0,761c0f3f3d25823c112d6838bd33dc321639032cf83c0a244b3f241bff3f8c11,0,1,0,0,1
87,87,0,d6c82cd15dc4bbd86cc14be115c0a5ea62c08bf44fc2bcfed1c5f508d0caf312,0,1,0,0,1
88,88,0,ee3f5e0fa33e4305bd3b05fb4f37e8f077312de75a2a16de2722dcd51519b7ce,0,1,0,0,1
89,89,0,19cc1715bcd2751e88da0c274ae3a32ec8ec0835c4f6113afc009e3d2e0b963f,0,1,0,0,1
90,90,0,ff1650cd2d0dbac7040396c3c7f8fdc0baee02c01ee5aac032dcf2c231d4cac6,0,1,0,0,1
91,91,0,640dce3f3417c93f6b20223ecf28e43a2630243642360130fa3aa328303e3b20,0,1,0,0,1
92,92,0,94d2d5c7f8cb72cdb1c65bd4e1c261dca2c051e503c0f0ee07c1fff8a8c33c03,0,1,0,0,1
93,93,0,ae3e441ef13fe114903ff60a8e3dc400f9398cf6e83492ec7c2e17e3df265ada,0,1,0,0,1
94,94,0,72c47b05f2c8950fdcce491907d6572246de842a61e79a311ff16b373dfbd13b,0,1,0,0,1
95,95,0,0f258ed8431c05d1bd12b0cabd08b9c583fe40c253f45bc070ea18c01ae178c1,0,1,0,0,1
96,96,0,7dfd943cb907193fc211ff3f571b433f3824e73c2c2cfc38ff329b338338e92c,0,1,0,0,1
97,97,0,26dffdc1ced64fc585cf21ca7ac955d0d4c4c1d7b2c135e029c079e942c052f3,0,1,0,0,1
98,98,0,8839472b453d33236f3f391afa3f9310e13e81062c3c43fced371ef23e3254e8,0,1,0,0,1
99,99,0,80c089f595c2bdff3ec6f40961cbe913ddd15b1d87d90e262ee2c62d98eb5334,0,1,0,0,1
100,100,0,d13041e697293cdd4d211cd5271815ce640e55c8420402c404fa38c1eeef0ac0,0,1,0,0,1
101,101,0,beed9635c3f77c3afe01e23d2b0cb23f0916e03f571f6c3ed7275e3b522fcc36,0,1,0,0,1
102,102,0,c2ed00c035e4d1c05edb41c377d33fc7b4ccb1cc41c774d343c35adbd2c031e4,0,1,0,0,1
103,103,0,ce309935c936552f5d3bdb276b3e5b1fe03f0e16b23f300ce33d02027e3ac7f7,0,1,0,0,1
104,104,0,80c03ce60ac0e9ef37c100fa00c43d0452c85f0e12ce231818d5492138dd9429,0,1,0,0,1
105,105,0,8a398df556349debca2d32e211268bd9601de0d1ed1363cbf80940c6c2ff97c2,0,1,0,0,1
106,106,0,22df432b50e83c321af2ea373efc2b3c7c06e03e8f10fa3f351a703f3023463d,0,1,0,0,1
107,107,0,82fdfec156f342c07ee928c039e0b1c1c4d7d2c458d077c924ca82cf50c5cbd6,0,1,0,0,1
108,108,0,0b25963ce52c853899330233fa38302ce63c3c24423f5b1b0040c6111a3fbd07,0,1,0,0,1
109,109,0,74c48ad879c115e119c06bea5bc04ef43fc27efeb7c5b808aecab91202d13f1c,0,1,0,0,1
110,110,0,af3e8005d33b42fb6e3723f19d3166e7882a4ade5b220bd64e19dfce9a0ff5c8,0,1,0,0,1
111,111,0,91d23f1e56dadc2613e3792e8dece63487f6f739bf008d3df20a8f3fdd14f13f,0,1,0,0,1
112,112,0,680dd7c74103aac304f908c1f5ee03c056e5a2c065dce0c25ed4aec675cdf5cb,0,1,0,0,1
113,113,0,fb16ce3f3720313e9f28fc3afe2f453622362930e23ad228213e7020c93f3817,0,1,0,0,1
114,114,0,1bcc4dcdccc62ed4f3c22edcabc01ae502c0b5eefcc0c3f894c3ff02b8c7280d,0,1,0,0,1
115,115,0,ee3f1b15973f330b9f3d0101133ac8f60b35cceca62e4ee310278cda7a1ebfd2,0,1,0,0,1
116,116,0,d3c85a0fb4ce1119d9d5242212de562a29e77431e3f04d3700fbbb3b3e05a23e,0,1,0,0,1
117,117,0,7a1c2fd1f812d2cafa08d2c5c0fe50c28ff462c0a9ea15c04fe16bc1bed85cc4,0,1,0,0,1
118,118,0,7c070e3f8711ff3f1f1b4c3f0624fa3c002c1839da32c0336638142d803c4125,0,1,0,0,1
119,119,0,fdd636c5adcf00ca9ac92cd0ecc491d7c0c100e02dc040e93cc016f3eec140fd,0,1,0,0,1
120,120,0,333d6723673f711afb3fce10ec3ebd06413c80fc0a385af264328de8742b5adf,0,1,0,0,1
121,121,0,84c280ff23c6b7093ecbaf13b2d1251d56d9dc25f8e19b2d5eeb2f344cf56d39,0,1,0,0,1
122,122,0,c62970dd812149d560183bcea00e73c87f0417c441fa44c129f00dc079e678c0,0,1,0,0,1
123,123,0,86f7633ac001d23def0bac3fd015e43f221f793ea727753b292feb367535f930,0,1,0,0,1
124,124,0,6ce4c8c090db2ec3a3d323c7d9cc8dcc5ec748d356c328dbdcc0fae300c083ed,0,1,0,0,1
125,125,0,a9367e2f463b0b285d3e901fdc3f4716b83f6c0cf23d4002963a04f8ba35fded,0,1,0,0,1
126,126,0,08c0aeef2cc1c3f9ebc3000434c8240eebcdea17ebd4142105dd652904e6a730,0,1,0,0,1
127,127,0,7934d7ebf42d69e24326bcd9961d0bd2271486cb350a5ac6ffffa8c2caf588c0,0,1,0,0,1
128,128,0,17e81532def1cc3701fc163c3f06d53e5410f83ffd19783ffc22583d162ba539,0,1,0,0,1
129,129,0,92f348c0b7e924c06ee0a3c1f4d7bbc481d057c945ca5acf69c59cd60dc2edde,0,1,0,0,1
130,130,0,ba2ca23874332633de385c2cd33c6f24383f921b00400112243ffa07aa3cbffd,0,1,0,0,1
131,131,0,86c1e0e01cc032ea55c012f42fc241fe9ec57c088cca7e12d9d0081c5ad8d924,0,1,0,0,1
132,132,0,e83b7ffb8c375ff1c4319ee7b52a7ede8f2239d6861906cfd50f14c9bd058ac4,0,1,0,0,1
133,133,0,25daab26dce24f2e53ecc3344af6dd3982007c3db50a883fa314f33f091ebb3e,0,1,0,0,1
134,134,0,7e03bfc341f913c130ef04c08de599c098dccec28bd493c69bcdd1cbf5c766d2,0,1,0,0,1
135,135,0,02203f3e7028143bd52f653601365230ca3a0129133ea420c43f7117d33fa40d,0,1,0,0,1
136,136,0,e7c601d406c3fcdbb4c0e2e401c07aeef2c086f880c3c2029bc7ec0c27cdc116,0,1,0,0,1
137,137,0,9e3f6f0bb03d3e012d3a05f72d3507edd02e85e34027bedaaf1eebd255153fcc,0,1,0,0,1
138,138,0,8dced818abd5f021dedd282af1e64d31a8f02e37c3faa53b0105953e1e0feb3f,0,1,0,0,1
139,139,0,3213f5ca3609ecc5fefe60c2ccf469c0e3ea12c085e15fc1efd846c459d1b4c8,0,1,0,0,1
140,140,0,4c11fe3fe81a553fd3230c3dd32b3339b432e4334938402d6c3c7325043fb11c,0,1,0,0,1
141,141,0,d6cfdfc9bac903d003c562d7cfc1cbdf32c007e937c0daf2dfc103fd1ec53f07,0,1,0,0,1
142,142,0,5f3fa91afd3f0911f83efa06553cbdfc283896f28a32c6e8a12b8fdf9a232dd7,0,1,0,0,1
143,143,0,09c67b091bcb741388d1ee1c26d9ab25c2e1702d24eb0c3410f5523943ff213d,0,1,0,0,1
144,144,0,b52177d5991862cedb0e92c8bc042dc47efa50c165f00fc0b1e671c0a3dd73c2,0,1,0,0,1
145,145,0,8301c23db30ba53f9615e73fec1e863e77278c3bff2e0a37533520314a3af429,0,1,0,0,1
146,146,0,c3db1bc3cfd307c7fecc68cc7ac71cd36ac3f6dae6c0c3e300c049edbec049f7,0,1,0,0,1
147,147,0,2e3b3a284f3ec61fd83f8116be3fa80c023e7d02af3a41f8dc3538eea72fa4e4,0,1,0,0,1
148,148,0,20c186f9d6c3c30316c8e80dc5cdb117bed4e020d2dc3629cce57f3073ef8936,0,1,0,0,1
149,149,0,1f2e9fe27426edd9cc1d35d26214aacb710a75c63c00bac206f690c011ec06c0,0,1,0,0,1
150,150,0,a2f1ae37c4fb003c0206c93e1810f63fc519803fc922693de92ac039ef319c34,0,1,0,0,1
151,151,0,f1e920c0a4e096c124d8a4c4aad038c966ca33cf82c56dd61dc2b9de4ec0dee7,0,1,0,0,1
152,152,0,50334b33c238882cbf3ca1242f3fca1b00403c122e3f3708bd3cfcfdbe38cef3,0,1,0,0,1
153,153,0,20c0f8e94fc0d6f31fc204fe85c53f086aca4412afd0d11b2ad8a724aae08e2c,0,1,0,0,1
154,154,0,aa379bf1ea31d7e7e32ab2dec22267d6be192ecf111034c9fa05a1c4bcfb94c1,0,1,0,0,1
155,155,0,a6e2242e19eca0340ef6c33944006b3d790a813f6914f63fd31dc73e7a26fe3b,0,1,0,0,1
156,156,0,7ef91fc16bef06c0c5e591c0cbdcbcc2b8d478c6c1cdaecb13c83bd2d3c3f4d9,0,1,0,0,1
157,157,0,40282b3bac2f8536e0357a30b23a3029033ed920be3faa17d73fe00d4d3ebb03,0,1,0,0,1
158,158,0,19c3c9dbbdc0abe401c040eee8c049f86cc385027ec7b00c02cd8816d5d3cc1f,0,1,0,0,1
159,159,0,c03d7b01463a42f74f3541edfa2ebce37127efdae51e16d38f1564ccab0b03c7,0,1,0,0,1
160,160,0,7dd5bc21aaddfa29b8e625316cf00e3786fa8f3bc404883ee30ee83fa018a43f,0,1,0,0,1
161,161,0,730906c63bff71c208f570c01deb0fc0bbe152c11fd930c483d196c817cb67ce,0,1,0,0,1
162,162,0,b01a5d3fa0231e3da72b4f398f3207342c386b2d583ca425f93ee71cfd3f6d13,0,1,0,0,1
163,163,0,dbc9dbcf1bc533d7ddc196df37c0cee832c09ef2d0c1c5fc06c50207bfc91111,0,1,0,0,1
164,164,0,fe3f4511023f37076a3cfbfc4538d2f2af3200e9ce2bc4dfcc235cd7e11afecf,0,1,0,0,1
165,165,0,f9ca3a135ed1b81cf5d879258ce1452debeae833d3f4373905ff0f3d3e09563f,0,1,0,0,1
166,166,0,d11888ce170fb0c8f90443c4bbfa5dc1a0f012c0e9e66ac0d7dd63c2a5d5efc5,0,1,0,0,1
167,167,0,770b9f3f5d15eb3fb61e933e4727a23bd52e2a3731354831303a222ab23de921,0,1,0,0,1
168,168,0,fcd3ebc623cd44cc97c7f0d27dc3c4daf1c08ce301c00eedb5c00df708c34601,0,1,0,0,1
169,169,0,413efb1fd33fba16c33fe40c113eba02c73a7ef8fd3573eed02fdbe46a28f5db,0,1,0,0,1
170,170,0,c1c38603f9c7ac0da0cd781791d4ab209fdc072995e5573038ef693649f9173b,0,1,0,0,1
171,171,0,a5261fda021e60d29c14cdcbae0a90c67a00cbc243f698c04bec05c0d5e215c1,0,1,0,0,1
172,172,0,87fbeb3bc505bd3edd0ff43f8d19873f95227a3dbb2ada39c931bf349037492e,0,1,0,0,1
173,173,0,d9e088c154d88dc4d3d018c988ca0bcf9bc53fd62dc285de54c0a6e71dc067f1,0,1,0,0,1
174,174,0,a538b42cac3cd324253f011c00407712373f7408d03c39feda380bf470332aea,0,1,0,0,1
175,175,0,49c09af30fc2c7fd6cc5020849ca091286d0991bfad7752475e0622cbfe92b33,0,1,0,0,1
176,176,0,113210e8102be6def62296d6f61955cf4c1053c93706b8c4f9fba1c1d6f124c0,0,1,0,0,1
177,177,0,deeb7d34d1f5a93907005a3d3d0a793f2f14f83f9d1dd33e4926133cfa2dc937,0,1,0,0,1
178,178,0,a6ef08c0fde589c0fedcaac2e5d45ec6e7cd8bcb30c810d2e8c3c2d92ac170e2,0,1,0,0,1
179,179,0,832fa536bf35a2309a3a5f29f43d0d21b93fe317db3f1c0e5b3ef803433bbbf9,0,1,0,0,1
180,180,0,c7c073e400c005eeddc00cf859c3470261c7740cddcc4f16a9d3971f97db1128,0,1,0,0,1
181,181,0,603a7ef771357ced232ff3e3a12721db1b1f42d3c91588cce80b1fc7b9012bc3,0,1,0,0,1
182,182,0,76ddcc2980e6fe3031f0ef3649fa783b87047b3ea70ee43f6718ab3f8821d03d,0,1,0,0,1
183,183,0,78ff82c244f577c057eb0dc0f1e146c150d91ac4add177c839cb40ce20c64fd5,0,1,0,0,1
184,184,0,6d23313d7a2b6a3969322b340e38962d443cd625ee3e1e1dfc3fa713663faf09,0,1,0,0,1
185,185,0,33c503d7ecc161df3cc095e82ec062f2c2c188fcefc4c5069ec9d610b3cf781a,0,1,0,0,1
186,186,0,0d3f74077e3c38fd62380ef3d53239e9fa2bf9dfff238bd7181b27d07f11fcc9,0,1,0,0,1
187,187,0,34d1811cc5d8482556e11a2db1eac43397f41b39c8fefc3c01094d3fff12ff3f,0,1,0,0,1
188,188,0,520fcfc8360559c4f8fa6ac1dbf015c022e763c00bde52c2d3d5d6c5afced7ca,0,1,0,0,1
189,189,0,2315ee3f801ea03e1627b83bac2e49370f356f31173a502aa13d1d22983f0a19,0,1,0,0,1
190,190,0,48cd20ccb4c7c5d292c392dafbc055e302c0d4ecacc0d0f6f6c20901cfc63b0b,0,1,0,0,1
191,191,0,cf3ff316c83f200d1f3ef702df3abbf81d36aeeef92f13e5992828dc302028d4,0,1,0,0,1
192,192,0,dbc7700d7acd3f1764d476206cdcd8285de52f30fdee49360cf9ff3a4903333e,0,1,0,0,1
193,193,0,391e8bd2d614f0cbea0aabc6b700ddc27ff6a1c086ec03c00ce30ac150daadc3,0,1,0,0,1
194,194,0,8805b13ea20ff13f55198e3f62228b3d8e2af439a231e1347237732ed53bd526,0,1,0,0,1
195,195,0,84d877c4fdd0f9c8a9cae4ceb4c511d63dc250de5ac06de719c02bf17bc14afb,0,1,0,0,1
196,196,0,983c05251b3f381c0040b112413fb008e33c77fef63847f4943364eae02c0fe1,0,1,0,0,1
197,197,0,00c289fd54c5c50728cace115dd0621bcbd7432440e0352c85e906335ef38938,0,1,0,0,1
198,198,0,3e2b1bdf2923c5d62e1a7dcf871073c97406cfc437fcafc112f228c049e843c0,0,1,0,0,1
199,199,0,95f58e39caff483d000a713ff513fa3f671ddf3e1826283ccf2de7375a343732,0,1,0,0,1
200,200,1,35e681c032dd99c213d543c60dce68cb4fc8e5d1fdc391d936c139e20ac0a4eb,0,1,1,1,1
201,201,0,9d35c930813a8e29e53d4221b33f1c18df3f580e693e36045a3bf8f9c536e2ef,0,1,1,1,1
202,202,0,00c0caedd3c0cff745c30a0245c7380cb9cc15167dd3621f64dbe1273ce45a2f,0,1,1,1,1
203,203,0,9235b6ed4d2f2ae4d12754db501f6ed30216accc240c3bc7f6013fc3bbf7d0c0,0,1,1,1,1
204,204,0,48e6d730f5efd0360cfa613b4a046e3e6c0ee13f2f18b13f5321e03d9d29793a,0,1,1,1,1
205,205,0,81f57fc091eb0bc027e23ac181d905c4d7d159c85ccb1ace3ac622d593c243dd,0,1,1,1,1
206,206,0,4d2b853943324e34f037c12d2f3c0726e33e541dfa3fe1136e3fec09423db5ff,0,1,1,1,1
207,207,0,fbc12cdf41c05ce829c026f2b4c14bfcd7c488067ec99b108acf411ad4d63a23,0,1,1,1,1
208,208,0,923c75fd7f384af3fa3272e9272c2ee03224bbd7501b4fd0ba111dcab1074bc5,0,1,1,1,1
209,209,0,94d8162520e1ee2c77eaa0335bf400398bfee93cc508443fc512ff3f4a1c173f,0,1,1,1,1
210,210,0,74056fc436fb77c117f118c05ae75cc03fde42c201d6bcc5d7ceb5caeec80bd1,0,1,1,1,1
211,211,0,4b1ead3ee626ce3b822e6737ed349531fd397e2a913d5122913f4219f03f8e0f,0,1,1,1,1
212,212,0,d1c79ad2a6c361da06c11ee303c099eca3c093f6e3c2cb00b4c6fe0afccbe914,0,1,1,1,1
213,213,0,cd3f5c0d2e3e3403f73af8f83e36e9ee21304ae5c9285bdc652055d42c176dcd,0,1,1,1,1
214,214,0,54cd061737d4412039dca92825e50630c2ee2836cff8e73a0c03243e340dca3f,0,1,1,1,1
215,215,0,0f1514cc260bc6c6f400f0c2bcf6a9c0c0ec02c043e3ffc082da98c3b6d2bec7,0,1,1,1,1
216,216,0,660fef3f1c19963f2e229c3d602a0e3a7b31043553379e2ebf3b0627a43e6e1e,0,1,1,1,1
217,217,0,26d1dac8cbcabccecdc5e2d54dc21cde61c035e716c0eff06ec10dfb60c44b05,0,1,1,1,1
218,218,0,113f6f1cff3fec124a3fed08f63cb4fe123983f4b8339eea0b2d44e13725b4d8,0,1,1,1,1
219,219,0,3bc5880707ca931134d02b1b9bd710240be0092c4ce9e13222f36c384cfd853c,0,1,1,1,1
220,220,0,5c23f4d6661aa5cfc21093c9b106e7c474fcbdc14ef22cc082e83ec050dff1c1,0,1,1,1,1
221,221,0,8dff373dc409693fbb13fb3f301dea3ee6253d3ca42d043837345d3273396b2b,0,1,1,1,1
222,222,0,65dd88c240d529c633ce45cb6dc8bbd113c460d942c103e20cc06aeb7ac059f5,0,1,1,1,1
223,223,0,683abc29d53d7621ad3f5518e33f930e773e7304703b35fae5361df0f1306de6,0,1,1,1,1
224,224,0,cac093f732c3cd0129c7fc0b94ccdc1551d32c1f32dbb12705e4312f8fed7c35,0,1,1,1,1
225,225,0,762f61e4012886db851f9ad33c16d1cc600c58c7330252c3f8f7dac0f1ed00c0,0,1,1,1,1
226,226,0,baefb036cff94a3b0d04603e300edd3ff617b73f1f21ef3d6f29913aaf30b435,0,1,1,1,1
227,227,0,cbeb08c05de22ec1b2d9efc302d23ac87fcbf3cd55c6f4d4a4c210dd86c010e6,0,1,1,1,1
228,228,0,1d327234d337ec2d1a3c3926d73e8b1df83f1c14763f280a543df3ffa039bdf5,0,1,1,1,1
229,229,0,47c023e825c0eaf1a6c10efcc0c44b065ec9601062cf091aa6d60723f8de1f2b,0,1,1,1,1
230,230,0,9c3886f31f33abe9532c63e06424ead7871b78d0f5113ecaee0764c5b2fd0ac2,0,1,1,1,1
231,231,0,ebe0c22c3dea7c331ff4e4384efed63c88083a3f8a120040131c223fe424a53c,0,1,1,1,1
232,232,0,73fb84c153f11bc093e756c073de32c22fd6a3c5fece93ca0ec9e1d086c464d8,0,1,1,1,1
233,233,0,b526e43b572e8637ca34bc31e339ac2a803d84228a3f7a19f33fc90fb93eb105,0,1,0,0,1
234,234,0,bac32fda11c1e8e204c05fec9bc057f6d1c28e0099c6c20ad9cbaf146fd2141e,0,1,0,0,1
235,235,0,3c3e72030f3b34f95e3624ef493082e5f8288edc992082d4651793cd980defc7,0,1,0,0,1
236,236,0,0ad40c2006dc7a28eee4de2f87ee083692f8cf3ace02163ef80cc53fcd16d23f,0,1,0,0,1
237,237,0,630be2c6320102c3f8f6b2c0fbec01c079e3f4c0b3da84c3e2d2a1c738cc2fcd,0,1,0,0,1
238,238,0,e4189c3ffa21ac3d322a283a553126353437c72ea93b3627983ea41eec3f4915,0,1,0,0,1
239,239,0,eeca95cee7c5b4d55dc2e8dd67c0fce613c0b4f061c1d0fa4ac40e05bbc82b0f,0,1,0,0,1
240,240,0,fe3f2613533f2a09083df1fe2e39bff4dc33d7ea372d7ae16925e5d8a51c50d1,0,1,0,0,1
241,241,0,e6c958110cd0f31a6cd7dd23d6dfdc2b13e9bc32e6f24f380ffd713c4c07063f,0,1,0,0,1
242,242,0,9d1acdcffd10b4c9ee06fec4b1fcccc18af231c0bbe838c084dfe2c123d723c5,0,1,0,0,1
243,243,0,8709603f8013fd3ffa1cf53eb525513c792d2238133482325839982b253d8f23,0,1,0,0,1
244,244,0,6ed50fc65ace22cb8bc891d128c430d94ec1cde10ec030eb72c01cf577c24fff,0,1,0,0,1
245,245,0,c53daa21a73f8d18e73fcf0e843eb004873b72fa043758f01831a5e6eb2999dd,0,1,0,0,1
246,246,0,1fc390010dc7bf0b70cca21525d3f71e00db8127cee3082f55ed5a3556f74f3a,0,1,0,0,1
247,247,0,3128b8dbbb1fc6d37516f6cc9c0c74c7700266c335f8e4c02cee00c098e4c0c0,0,1,0,0,1
248,248,0,92f9333bd003523ef40dd93fbd17bc3fea20fe3d4029aa3a8730d53590369f2f,0,1,0,0,1
249,249,0,94e222c1e3d9dac32dd21dc8a2cbcdcd6fc6c7d4b6c2dcdc8ec0d8e507c07fef,0,1,0,0,1
250,250,0,b537162e053c6a26cb3ec11df63f56147e3f650a653d3000ba39faf5953405ec,0,1,0,0,1
251,251,0,21c0aef198c1d1fba9c40e063ec924103bcfd11977d6d422c4def22aeae7f731,0,1,0,0,1
252,252,0,4433e5e97f2c99e096241ad8be1ba1d030125fca2b087dc5f0fd1ac2c2f34dc0,0,1,0,0,1
253,253,0,04ea5733e2f3c73810fec33c4b08313f50120040dc1b2c3fb224b93c972cb838,0,1,0,0,1
254,254,0,8ef11fc0cbe750c0a7de22c25ed68ac525cf71ca2dc9b8d09cc434d891c1b5e0,0,1,0,0,1
255,255,0,2d2ea437a734e231c839da2a6f3db822823fb219f53f0410c53eee05f93bb0fb,0,1,0,0,1
256,256,0,1cc1b1e206c025ec93c01af6bfc251007ec6850ab5cb751444d2de1dfed98426,0,1,0,0,1
257,257,0,273b71f97f365fef7130bae52729c1dcce20afd49e17b9cdd40d0cc8af03cfc3,0,1,0,0,1
258,258,0,d3db4a28b6e4b52f4ceee73555f8b73a9102073ebc0cbf3f9416d63fd71f4b3e,0,1,0,0,1
259,259,0,6f0115c335f7bbc035ed01c0b0e3eac0e5da70c30dd384c75ccc0acdfec6ded3,0,1,0,0,1
260,260,0,c621bc3d042a413a2d3148351537f12e933b67278b3eda1ee83f8315a33f9f0b,0,1,0,0,1
261,261,0,01c686d56ec2b5dd6ec0c4e610c078f055c193fa34c4d1049cc8ef0e6fceac18,0,1,0,0,1
262,262,0,5c3f66091b3d2eff4939fcf4003411eb622db0e19a2515d9dc1c7ad1611310cb,0,1,0,0,1
263,263,0,e3cfbb1a3cd7ab23a1dfb02bd9e89732aaf23238d2fc5c3c0f07fb3e1d11fd3f,0,1,0,0,1
264,264,0,3811d4c92b0716c5eefcdac1c6f236c0f4e833c0b9dfd3c152d70bc5f6cfc5c9,0,1,1,1,1
265,265,0,4613fe3fc31c003f8325663c4e2d3f38f033a8323d39c42b123dc223583fd51a,0,1,1,1,1
266,266,0,81ce00cbaac867d13ec4ffd85ac197e111c0f6ea6bc0e0f466c212fff5c54a09,0,1,1,1,1
267,267,0,a03fc618ea3f0b0f913eed049d3baffa233794f04031dee6192acdddde219cd5,0,1,1,1,1
268,268,0,f1c6830b4bcc6815f9d2c11eceda502797e3de2e1aed383519f7353a5201b53d,0,1,1,1,1
269,269,0,f01ff2d3ae161bcdd80c91c7ad0279c371f8eec067ee01c0d0e4b7c0ebdb0cc3,0,1,1,1,1
270,270,0,9303443eb80dd43f8417c23fb6200e3e1129c23a5f30f6357036c82f1c3b6028,0,1,1,1,1
271,271,0,14dac5c357d2ffc7c6cba7cd8ac69ad4c8c2a9dc96c0a0e505c044ef17c155f9,0,1,1,1,1
272,272,0,ef3b9b26bf3ef71df43f9014863fa10a773d6d00d53936f6b7343fec412ecae2,0,1,1,1,1
273,273,0,8bc194fb92c4d1051fc9e90f13cf981948d6a0228fdec52ab1e7d13173f19637,0,1,1,1,1
274,274,0,ab2ccee0c9244ad8f51bcbd06b1281ca670896c52dfe29c2fef353c01eea1dc0,0,1,1,1,1
275,275,0,a6f3ab38d3fdb03c0e08273f15120040a51b353f7f24cc3c6b2cd53833336833,0,1,1,1,1
276,276,0,04e84ac0dcde12c28cd671c54dcf50ca4dc98ed0b3c404d89fc180e023c0cae9,0,1,1,1,1
277,277,0,84340932ae39072b5d3deb227a3fea19f73f4010d13e2b060f3cedfbc237caf1,0,1,1,1,1
278,278,0,07c0eaeb8bc0def5aec2140063c6490a92cb3b1419d2a81dcdd953267be2032e,0,1,1,1,1
279,279,0,9f369aef9930f2e55629f4dc0321dcd4d717dfcd100e2ac8ec03e4c3aef928c1,0,1,1,1,1
280,280,0,7fe48c2f11eec63518f89f3a5402f73d800cba3f5a16db3fa21f593e1a283e3b,0,1,1,1,1
281,281,0,72f7c5c070ed00c0e7e3dfc017db5dc339d367c780cce5cc19c7b2d328c3a1db,0,1,1,1,1
282,282,0,d5295a3a06316a35f6361b2f7d3b97277e3e101fe53fbd15a93fdb0bcc3dac01,0,1,1,1,1
283,283,0,7ec281dd76c08ce60dc03df048c156fa1ec494047dc8b30e48ce731859d59221,0,1,1,1,1
284,284,0,2d3d6cff643938f524344beb8d2de6e1cc2546d9131da4d19b1332cba3091bc6,0,1,1,1,1
285,285,0,0dd778236cdf832ba0e871326ef2143895fc483cd206f03ee210fc3f841a643f,0,1,1,1,1
286,286,0,68072ec52bfde9c102f33bc02de92fc0eedfc5c181d7f3c41ed0a5c9f5c9bbcf,0,1,1,1,1
287,287,0,8c1c0b3f52257a3c232d5c38cc33cd322139f12b003df5234f3f0d1bff3f7311,0,1,1,1,1
288,288,0,c9c83dd154c4cfd867c161e114c0bdea64c0a3f455c2d5fedbc50e09deca0b13,0,1,1,1,1
289,289,0,ed3f460f9e3e2a05b43becfa4237cff0673116e7472a00de1222cad5fe18a7ce,0,1,1,1,1
290,290,0,27cc2f15ced28b1e9cda202760e3b42ee0ec1635dcf61c3a1501a53d470b993f,0,1,1,1,1
291,291,0,e81640cd140daec7eb028dc3aef8f9c0a2ee02c007e5aec01ddcf9c21fd4d5c6,0,1,1,1,1
292,292,0,7c0dd03f4b17c73f81201c3ee228da3a373017365036f02f043b9028363e2520,0,1,1,1,1
293,293,0,82d2e1c7e9cb82cda5c66dd4dac276dc9fc068e504c009ef0cc118f9b1c35503,0,1,1,1,1
294,294,0,b33e2d1ef23fca148d3fde0a883daa00ef3973f6da347aec6b2e01e3cb2646da,0,1,1,1,1
295,295,0,7bc49405ffc8ae0fecce60191ad66c225bde972a79e7aa3137f1783756fbda3b,0,1,1,1,1
296,296,0,fb247ad82c1cf4d0a512a2caa408afc56afe39c23af459c058ea1ac004e17ec1,0,1,1,1,1
297,297,0,96fd9c3cd2071d3fda1100406d1b3f3f4d24df3c3e2cf1380e338d338f38d72c,0,1,0,0,1
298,298,0,10df03c2bbd659c575cf2fca6dc965d0cbc4d4d7acc14be027c091e944c06af3,0,1,0,0,1
299,299,0,9339342b4c3d1e23733f221af93f7b10dc3e6806243c2afce03706f22f323de8,0,1,0,0,1
300,300,0,83c0a1f59cc2d6ff48c60c0a6fcb0114eed1721d9bd9222644e2d82db0eb6134,0,1,0,0,1
301,301,0,c1302ae6842927dd372109d5101805ce4b0e48c82904f9c3ebf933c1d6ef09c0,0,1,0,0,1
302,302,0,d6eda435dcf7863a1702e83d440cb43f2116df3f6d1f663eeb27553b632fbf36,0,1,0,0,1
303,303,0,aaed00c01ee4d5c049db49c365d34bc7a5ccc0cc36c786d33bc36fdbcec047e4,0,1,0,0,1
304,304,0,df308b35d636442f663bc727703e451fe13ff615b03f170cdc3de901733aaff7,0,1,0,0,1
305,305,0,7dc053e60bc002f03cc119fa09c456045fc8780e21ce3a182bd55e214ddda729,0,1,0,0,1
306,306,0,7f3974f5473485ebb82d1ce2fd2577d9491dcfd1d51355cbdf0935c6a9ff90c2,0,1,0,0,1
307,307,0,37df562b67e84b3232f2f73758fc333c9506e53ea710fa3f4c1a6d3f45233f3d,0,1,0,0,1
308,308,0,69fdf8c13ef340c066e92ac023e0b7c1b1d7dcc447d085c916ca93cf46c5ded6,0,1,0,0,1
309,309,0,20258e3cf72c7938a833f23205391d2ced3c2724463f441bff3fae11153fa407,0,1,0,0,1
310,310,0,6bc49ed874c12be117c083ea5ec067f445c298fec2c5d108bccad11213d1551c,0,1,0,0,1
311,311,0,aa3e6705ca3b29fb61370bf18d314fe7752a34de4622f8d53619cfce820fe8c8,0,1,0,0,1
312,312,0,a2d2561e6bdaf02629e38a2ea5ecf434a0f6023ad800943d0b0b923ff514f03f,0,1,0,0,1
313,313,0,500dcbc72803a2c3ebf804c1ddee03c03fe5a5c050dce7c24cd4bac666cd04cc,0,1,0,0,1
314,314,0,1217cc3f4c202b3eb328f23a0e3037362f361930ec3abf28273e5a20cb3f2117,0,1,0,0,1
315,315,0,0dcc5ccdc1c640d4ecc243dca7c031e502c0ceee01c1dbf89cc31803c4c7410d,0,1,0,0,1
316,316,0,ef3f0415943f1a0b983de800093aaff6fc34b4ec952e37e3fc2677da631eaed2,0,1,0,0,1
317,317,0,e0c8720fc5ce2819ecd5392227de692a40e78331fcf0593719fbc43b5705a73e,0,1,0,0,1
318,318,0,631c1ed1e012c4cae108c8c5a7fe49c277f45fc092ea16c039e171c1abd865c4,0,1,0,0,1
319,319,0,9507133f9f11ff3f361b483f1a24f23c122c0c39e932b1337238022d893c2d25,0,1,0,0,1
320,320,0,ead640c59dcf0eca8dc93dd0e2c4a5d7bac116e02bc058e93fc02ef3f4c159fd,0,1,0,0,1
321,321,0,3a3d52236a3f5a1afb3fb610e83ea406383c67fcfe3742f2553276e8612b45df,0,1,0,0,1
322,322,0,8bc299ff2ec6d0094ccbc613c4d13b1d6ad9f1250ee2ad2d76eb3e3465f57839,0,1,0,0,1
323,323,0,b3295bdd6b2137d549182bce870e67c866040ec428fa3fc111f00cc062e67bc0,0,1,0,0,1
324,324,0,9ff76d3ada01d83d080cae3fe815e23f371f743ebb276c3b3a2fde368335e930,0,1,0,0,1
325,325,0,56e4ccc07cdb36c391d32ec7cacc9ccc52c75ad34ec33cdbd8c010e400c09bed,0,1,0,0,1
326,326,0,b6366d2f4f3bf727633e7b1fde3f3016b63f540cec3d26028c3aebf7ad35e5ed,0,1,0,0,1
327,327,0,09c0c6ef30c1dcf9f4c3190441c83c0efbcd0218fed42a211add78291be6b730,0,1,0,0,1
328,328,0,6a34bfebe32d52e22e26a8d9801df9d1101478cb1c0a4fc6e6ffa1c2b1f585c0,0,1,1,1,1
329,329,0,2ee82532f6f1d9371afc1e3c5806da3e6c10f93f141a753f1123503d292b9a39,0,1,1,1,1
330,330,0,7af346c0a0e926c058e0a9c1e1d7c5c470d065c937ca6bcf5fc5afd607c203df,0,1,1,1,1
331,331,0,cb2c963883331733e9384a2cda3c5a243c3f7c1b0040e911203fe107a13ca6fd,0,1,1,1,1
332,332,0,81c1f6e01bc049ea57c02bf435c25afea8c594089aca9612ead01e1c6ed8ee24,0,1,1,1,1
333,333,0,df3b66fb803746f1b43187e7a32a68de7a2226d66f19f6cebd0f07c9a40581c4,0,1,1,1,1
334,334,0,39dabf26f3e2602e6becd13463f6e8399b00833dce0a8b3fbb14f23f201eb63e,0,1,1,1,1
335,335,0,6503b6c328f90fc118ef04c077e59dc083dcd5c279d49ec68bcde0cbe9c777d2,0,1,1,1,1
336,336,0,17203a3e83280a3be62f58360e364130d43aee28193e8f20c63f5a17d13f8c0d,0,1,1,1,1
337,337,0,dcc614d4fec210dcb0c0f9e401c093eef6c09ff888c3db02a7c7050d37cdd916,0,1,1,1,1
338,338,0,9b3f560ba93d2501223aecf61f35efecbf2e6ee32c27a9da991ed9d23d1531cc,0,1,1,1,1
339,339,0,9dcef018bed50522f3dd3b2a08e75d31c0f03a37dcfaae3b1a059a3e370fec3f,0,1,1,1,1
340,340,0,1a13e7ca1d09e2c5e4fe5ac2b3f466c0cbea13c06fe164c1dbd84fc448d1c1c8,0,1,1,1,1
341,341,0,6411fe3ffe1a513fe823053de62b2839c432d53355382e2d753c5e25083f9a1c,0,1,1,1,1
342,342,0,c5cfedc9adc914d0f9c475d7c9c1e1df30c01ee939c0f2f2e5c11cfd28c55807,0,1,1,1,1
343,343,0,623f921afc3ff110f33ee1064d3ca4fc1c387df27b32afe88e2b79df852319d7,0,1,1,1,1
344,344,0,14c693092acb8c1399d1051d3ad9bf25d8e1822d3ceb1b3429f55d395cff283d,0,1,1,1,1
345,345,0,a02164d5821852cec30e85c8a30424c465fa4bc14cf00ec09ae674c08edd7ac2,0,1,1,1,1
346,346,0,9c01c83dcc0ba83fae15e63f021f813e8b27823b102ffe3661351031543ae129,0,1,1,1,1
347,347,0,aedb23c3bdd312c7eecc77cc6fc72ed362c30adbe2c0d9e300c061edc2c062f7,0,1,1,1,1
348,348,0,383b2728553eb01fd93f6916bb3f900cfb3d6402a53a28f8ce3520ee962f8de4,0,1,1,1,1
349,349,0,25c19ff9dfc3dc0323c8000ed5cdc917d0d4f520e7dc4a29e3e58f308bef9636,0,1,1,1,1
350,350,0,0d2e89e26026d9d9b61d24d24a149bcb580a6ac62300b2c2edf58dc0f9eb07c0,0,1,1,1,1
351,351,0,bbf1bb37ddfb093c1b06ce3e3110f73fdc197c3fde22623dfb2ab539ff318d34,0,1,1,1,1
352,352,0,d9e922c08ee09bc110d8adc499d045c958ca43cf78c581d616c2cede4bc0f6e7,0,1,1,1,1
353,353,0,5f333c33cd38762cc73c8c24333fb31b004024122a3f1e08b53ce3fdb238b6f3,0,1,1,1,1
354,354,0,1ec010ea51c0eff325c21dfe8fc5580878ca5c12c0d0e71b3ed8bc24c0e0a02c,0,1,1,1,1
355,355,0,9e3782f1db31c0e7d02a9ddead2254d6a7191dcff80f27c9e10598c4a3fb8ec1,0,1,1,1,1
356,356,0,bce2362e31ecae3427f6ce395d00723d920a843f8114f53fe91dc33e8e26f53b,0,1,1,1,1
357,357,0,65f91ac153ef05c0aee594c0b6dcc3c2a6d483c6b1cdbdcb06c84cd2cbc308da,0,1,1,1,1
358,358,0,5428223bbd2f7836ed356930bc3a1d290a3ec320c13f9317d53fc80d483ea203,0,1,1,1,1
359,359,0,11c3dedbb9c0c1e401c058eeecc062f874c39e028ac7c90c11cda016e7d3e21f,0,1,1,1,1
360,360,0,b93d62013c3a29f7413529ede92ea5e35d27dbdacf1e04d3771555cc930bf8c6,0,1,1,1,1
361,361,0,90d5d121bfdd0d2acfe6353185f01b379ffa983bdd048d3efb0ee93fb718a23f,0,1,0,0,1
362,362,0,5a09fbc522ff6ac2eff46dc005eb10c0a5e157c10cd939c472d1a2c809cb77ce,0,1,0,0,1
363,363,0,c71a5a3fb523173db92b44399e32f9333838592d603c9025fd3ed11cfd3f5513,0,1,0,0,1
364,364,0,cec9ebcf11c546d7d7c1acdf35c0e5e834c0b6f2d6c1defc10c51b07ccc92911,0,1,0,0,1
365,365,0,fd3f2c11fe3e1e07613ce2fc3938b9f2a032e8e8bb2baedfb82348d7ca1aedcf,0,1,0,0,1
366,366,0,07cb52136fd1ce1c09d98e25a2e1572d02ebf733ecf442391fff163d5709593f,0,1,0,0,1
367,367,0,ba1879cefe0ea4c8e0043ac4a2fa58c188f011c0d2e66dc0c2dd69c292d5fac5,0,1,0,0,1
368,368,0,900ba13f7415e93fcc1e8e3e5a27993be62e1d373f3537313b3a0f2ab83dd421,0,1,0,0,1
369,369,0,e9d3f6c613cd53cc8bc702d375c3d8daecc0a2e301c026edb9c026f710c35f01,0,1,0,0,1
370,370,0,473ee51fd53fa316c13fcc0c0a3ea102bd3a65f8ef355beebf2fc4e45628e0db,0,1,0,0,1
371,371,0,cac39f0305c8c50dafcd9017a3d4c120b4dc1b29abe5673050ef763662f9213b,0,1,0,0,1
372,372,0,90260adaec1d4fd28414becb950a85c66100c4c22af695c034ec05c0bfe219c1,0,1,0,0,1
373,373,0,a0fbf43bde05c23ef50ff53fa419843fab22733dce2acf39d931b0349c37382e,0,1,0,0,1
374,374,0,c3e08ec140d897c4c2d025c97aca1bcf90c552d626c29ade51c0bde71ec07ff1,0,1,0,0,1
375,375,0,b138a22cb43cbe24293fea1b00405f12333f5b08c83c20fecf38f2f3613313ea,0,1,0,0,1
376,376,0,4bc0b3f316c2e0fd76c51b0857ca211297d0b01b0ed88a248be0742cd6e93a33,0,1,0,0,1
377,377,0,0132f9e7fe2ad1dee12283d6df1945cf341046c91e06afc4e0fb9cc1bef122c0,0,1,0,0,1
378,378,0,f6eb8c34eaf5b3392000613d550a7c3f4714f73fb31dce3e5d260a3c0b2ebc37,0,1,0,0,1
379,379,0,8eef07c0e6e58cc0e9dcb1c2d3d469c6d7cd99cb24c822d2e0c3d7d925c186e2,0,1,0,0,1
380,380,0,942f9836cc359130a43a4c29fb3df820bb3fcc17da3f030e563edf03393ba2f9,0,1,0,0,1
381,381,0,c3c08ae400c01deee1c025f861c361026dc78d0ceccc6616bbd3ad1fabdb2428,0,1,0,0,1
382,382,0,553a65f7633564ed122fdce38d270ddb051f30d3b11579cccf0b14c79f0124c3,0,1,0,0,1
383,383,0,8cdddf2997e60e3149f0fc3662fa813ba004803ec00ee63f7f18a83f9d21c93d,0,1,0,0,1
384,384,0,5fff7bc22cf574c03feb0ec0dbe14bc13cd923c49cd183c82bcb50ce15c662d5,0,1,0,0,1
385,385,0,8223293d8c2b5f3979321c341a38842d4c3cc225f23e081dfc3f8f13623f9709,0,1,0,0,1
386,386,0,29c517d7e6c177df3ac0ace830c07af2c8c1a1fcf8c4de06acc9ee10c3cf8f1a,0,1,0,0,1
387,387,0,093f5b07763c1ffd5638f5f2c63221e9e82be3dfea2378d7011b16d06711eec9,0,1,0,0,1
388,388,0,45d1971cd8d85c256ce12c2dc8ead333b0f42739e1fe043d1a09513f1713fe3f,0,1,0,0,1
389,389,0,3a0fc3c81d0550c4dffa64c1c3f013c00be766c0f6dd59c2c0d5e0c59fcee5ca,0,1,0,0,1
390,390,0,3a15ec3f971e9b3e2a27af3bbd2e3c371d355f31213a3e2aa83d08229b3ff318,0,1,0,0,1
391,391,0,39cd2fcca8c7d7d289c3a7daf7c06be302c0ececb0c0e9f6fdc22201dbc6530b,0,1,0,0,1
392,392,0,d13fdc16c63f080d193ede02d63aa2f8103696eee82ffce4862813dc1a2016d4,0,1,1,1,1
393,393,0,e7c7890d89cd571776d48c2081dcec2874e53f3015ef563625f9093b6203393e,0,1,1,1,1
394,394,0,221e7ad2be14e2cbd10aa0c69e00d6c266f69dc06eec04c0f6e20ec13cdab5c3,0,1,1,1,1
395,395,0,a105b63eba0ff23f6c198c3f7722843da02ae939b231d3347e37622ede3bc126,0,1,1,1,1
396,396,0,70d880c4ecd006c99ccaf4ceaac524d636c266de58c084e71ac043f180c163fb,0,1,1,1,1
397,397,0,a03cf1241f3f211c004099123d3f9808db3c5dfeeb382ef485334ceace2cf9e0,0,1,1,1,1
398,398,0,06c2a3fd5ec5de0735cae6116ed0791bded7572456e0472c9de9153377f39438,0,1,1,1,1
399,399,0,2b2b05df1423b2d6171a6dcf6f1066c95b06c6c41efcaac1f9f126c031e845c0,0,1,1,1,1
400,400,0,aef59939e3ff503d190a743f0d14f93f7d1dda3e2c261f3ce12dda3769342732,0,1,1,1,1
401,401,0,1ee684c01ddda0c200d54ec6fdcd76cb42c8f7d1f5c3a5d931c150e209c0bceb,0,1,1,1,1
402,402,0,ab35b9308b3a7b29eb3d2c21b53f0518de3f3f0e633e1c04503bdff9b836c9ef,0,1,1,1,1
403,403,0,00c0e2edd7c0e8f74dc3230251c7500cc8cc2d168fd3781f79dbf42753e46b2f,0,1,1,1,1
404,404,0,84359eed3c2f13e4bd273fdb3a1f5cd3ea159dcc0b0c30c7dd0137c3a2f7ccc0,0,1,1,1,1
405,405,0,5fe6e7300ef0dd3625fa6b3b6304733e840ee23f4618ae3f6921d93db0296e3a,0,1,1,1,1
406,406,0,68f57cc079eb0bc011e23fc16dd90dc4c6d165c84ecb29ce2fc634d58cc258dd,0,1,1,1,1
407,407,0,5f2b7a3953324034fd37af2d373cf325e73e3e1dfb3fc9136b3fd3093b3d9cff,0,1,1,1,1
408,408,0,f5c142df3fc073e82bc03ef2bac164fce1c4a1068bc9b3109bcf571ae8d64f23,0,1,1,1,1
409,409,0,8a3c5cfd733831f3eb325be9142c18e01d24a7d7391b3fd0a2110fca980741c5,0,1,1,1,1
410,410,0,a8d82a2536e1002d8feaaf3374f40b39a4fef13cde08483fdd12ff3f611c133f,0,1,1,1,1
411,411,0,5a0566c41dfb71c1fff017c043e75fc02ade49c2eed5c7c5c7cec3cae2c81cd1,0,1,1,1,1
412,412,0,611ea83ef926c53b932e5b37fb348531073a6b2a973d3b22943f2b19ef3f750f,0,1,1,1,1
413,413,0,c5c7abd29dc375da01c135e302c0b1eca7c0acf6ebc2e500bfc6170b0bcc0115,0,1,1,1,1
414,414,0,cb3f440d283e1b03ee3adff83136d1ee103033e5b52846dc4f2043d415175ecd,0,1,1,1,1
415,415,0,64cd1e1749d457204edcbc283ce51730daee3636e8f8f13a25032a3e4d0dcc3f,0,1,1,1,1
416,416,0,f81405cc0e0bbbc6db00e8c2a3f6a6c0a8ec03c02ce303c16ddaa1c3a5d2cac7,0,1,1,1,1
417,417,0,7f0ff03f3419933f4322953d732a033a8b31f5345f378c2ec83bf226a93e581e,0,1,1,1,1
418,418,0,15d1e6c8bdcacdcec3c5f5d546c232de5ec04ce717c008f173c126fb69c46405,0,1,1,1,1
419,419,0,153f581cff3fd412463fd408ee3c9bfe07396af4a93386eaf92c2ee12225a1d8,0,1,1,1,1
420,420,0,45c5a10714caab1145d0411bafd7252420e01b2c63e9f0323af3783865fd8d3c,0,1,1,1,1
421,421,0,4723e1d64f1a95cfaa1086c99806ddc45bfcb8c135f22ac06ae840c03adff7c1,0,1,1,1,1
422,422,0,a6ff3e3ddc096c3fd213fb3f471de63efb25343cb62df83745344d327e39582b,0,1,1,1,1
423,423,0,50dd8fc22dd534c623ce53cb60c8ccd10ac475d93dc119e20bc082eb7dc071f5,0,1,1,1,1
424,424,0,723aa929dc3d6121af3f3d18e23f7b0e713e5a04673b1cfad83605f0e13056e6,0,1,1,1,1
425,425,0,cec0abf73ac3e60134c7140ca3ccf31563d3421f47dbc5271ce4422fa7ed8a35,0,1,0,0,1
426,426,0,652f4ae4ed2771db701f88d32416c2cc470c4cc71a024ac3dff7d6c0d9ed00c0,0,1,0,0,1
427,427,0,d2efbd36e8f9543b2604663e480ede3f0d18b43f3421e93d8229873abf30a635,0,1,0,0,1
428,428,0,b3eb09c047e233c19ed9f8c3f0d147c871cb03ce4ac607d59dc225dd83c027e6,0,1,0,0,1
429,429,0,2d326334df37da2d233c2426dc3e751df93f0414733f100a4d3ddaff9539a4f5,0,1,0,0,1
430,430,0,44c03ae827c003f2acc127fcc9c464066bc9781073cf201ab9d61c230ddf322b,0,1,0,0,1
431,431,0,90386df3103394e9412c4de04f24d7d7701b68d0dd1130cad5075ac599fd04c2,0,1,0,0,1
432,432,0,01e1d42c55ea8b3337f4ef3867fede3ca1083e3fa21200402a1c1d3ff8249d3c,0,1,0,0,1
433,433,0,5afb7ec13af11ac07ce758c05ede38c21cd6adc5eecea1ca01c9f2d07cc478d8,0,1,0,0,1
434,434,0,c926db3b692e7937d834ac31ed39992a873d6f228d3f6319f23fb10fb43e9805,0,1,0,0,1
435,435,0,b2c343da0cc1fee204c077ec9ec070f6d9c2a700a4c6db0ae7cbc71480d22b1e,0,1,0,0,1
436,436,0,373e5803053b1bf951360cef39306be5e42879dc84206fd44e1784cd800de3c7,0,1,0,0,1
437,437,0,1dd422201bdc8d2804e5ee2f9fee1536abf8d93ae8021c3e110dc73fe516d03f,0,1,0,0,1
438,438,0,4a0bd6c61801fac2e0f6aec0e3ec02c063e3f8c09fda8cc3d0d2adc729cc3ecd,0,1,0,0,1
439,439,0,fb189a3f1022a53d452a1d3a653118354137b62eb23b23279d3e8e1eed3f3215,0,1,0,0,1
440,440,0,dfcaa5cedcc5c7d556c2fedd65c013e714c0ccf066c1e9fa53c42705c7c8430f,0,1,0,0,1
441,441,0,ff3f0e134f3f1109013dd8fe2239a7f4cd33c0ea252d64e15425d1d88f1c3fd1,0,1,0,0,1
442,442,0,f3c970111cd00a1b7fd7f223ebdfef2b2ae9cb32fef25b3828fd793c65070a3f,0,1,0,0,1
443,443,0,871abdcfe510a7c9d506f5c498fcc6c171f22fc0a3e83ac06fdfe8c110d72dc5,0,1,0,0,1
444,444,0,a009643f9813fc3f101df13ec925493c8b2d1638223473326339852b2c3d7a23,0,1,0,0,1
445,445,0,5bd519c64ace31cb7fc8a2d120c444d949c1e3e10dc048eb75c035f57ec268ff,0,1,0,0,1
446,446,0,cc3d9521a93f7618e53fb70e7e3e97047e3b59faf73640f008318ee6d82984dd,0,1,0,0,1
447,447,0,27c3a90118c7d80b7fccba1537d30d1f15db9427e5e3192f6ded68356ff7593a,0,1,0,0,1
448,448,0,1d28a4dba51fb4d35d16e7cc830c69c757025ec31cf8e0c014ee00c082e4c4c0,0,1,0,0,1
449,449,0,abf93d3be903583e0d0eda3fd417ba3f0021f83d5329a03a9730c7359d368e2f,0,1,0,0,1
450,450,0,7de227c1cfd9e3c31bd229c894cbddcd64c6dad4afc2f1dc8bc0efe507c097ef,0,1,0,0,1
451,451,0,c137052e0d3c5526d03eab1df73f3e147b3f4c0a5e3d1700af39e1f58634edeb,0,1,0,0,1
452,452,0,23c0c7f19ec1eafbb2c427064bc93d104bcfe8198ad6e922d9de052b01e80732,0,1,0,0,1
453,453,0,3533cde96d2c83e0822407d8a81b91d0181252ca120872c5d6fd13c2a9f34ac0,0,1,0,0,1
454,454,0,1bea6633fbf3d3382afecb3c6408353f68120040f31b283fc624b13ca92cad38,0,1,0,0,1
455,455,0,76f11dc0b4e752c092de29c24bd694c515cf7fca20c9c9d093c448d88cc1cbe0,0,1,0,0,1
456,456,0,3e2e9837b634d331d339c72a763da322853f9b19f43fec0fc03ed505f03b97fb,0,1,1,1,1
457,457,0,18c1c7e205c03dec96c033f6c7c26a0089c69e0ac4cb8d1455d2f51d12da9826,0,1,1,1,1
458,458,0,1d3b58f9713647ef6130a3e51329acdcb9209cd48717a9cdbb0d00c89603c6c3,0,1,1,1,1
459,459,0,e8db5e28cde4c62f64eef4356ef8c13aaa020d3ed50cc23fab16d43fed1f453e,0,1,1,1,1
460,460,0,56010dc31cf7b7c01ded01c09ae3eec0d1da78c3fbd290c74dcc19cdf2c6f0d3,0,1,1,1,1
461,461,0,dc21b63d172a373a3e313a352237e02e9c3b5327903ec41eea3f6b15a03f860b,0,1,1,1,1
462,462,0,f6c599d567c2cadd6cc0dbe611c091f05ac1acfa3dc4ea04a8c8080f7fcec318,0,1,1,1,1
463,463,0,583f4d09133d15ff3e39e3f4f133f9ea502d9ae1862502d9c61c69d1491302cb,0,1,1,1,1
464,464,0,f4cfd21a50d7bf23b6dfc22bf1e8a632c3f23e38ebfc653c2807003f3511fe3f,0,1,1,1,1
465,465,0,2011c7c912070cc5d5fcd4c1adf234c0dce835c0a3dfd9c13fd715c5e5cfd3c9,0,1,1,1,1
466,466,0,5e13fd3fd91cfc3e98255d3c602d3338fe3398324839b22b1a3dad235b3fbe1a,0,1,1,1,1
467,467,0,71ce0ecb9dc878d135c413d955c1ade110c00eeb6ec0f9f46dc22bffffc56309,0,1,1,1,1
468,468,0,a33fae18e93ff20e8b3ed404943b96fa16377bf02f31c7e6062ab7ddc92189d5,0,1,1,1,1
469,469,0,fcc69c0b5acc80150bd3d71ee3da6427aee3ef2e32ed463532f7403a6c01bc3d,0,1,1,1,1
470,470,0,da1fe0d397160ccdbf0c85c7940271c358f8eac04fee01c0b9e4bbc0d6db14c3,0,1,1,1,1
471,471,0,ac034a3ed10dd63f9c17c03fcb20073e2429b83a6f30e8357d36b72f253b4d28,0,1,1,1,1
472,472,0,00dacec346d20bc8b7cbb7cd7fc6acd4c0c2bedc93c0b7e506c05cef1cc16ef9,0,1,1,1,1
473,473,0,f83b8626c43ee11df53f7814833f890a703d5400ca391df6a93428ec2f2eb4e2,0,1,1,1,1
474,474,0,90c1adfb9bc4ea052cc9011023cfb0195cd6b522a5ded72ac9e7e1318bf1a337,0,1,1,1,1
475,475,0,992cb8e0b42437d8df1bbad0531273ca4e088bc514fe23c2e6f350c007ea1fc0,0,1,1,1,1
476,476,0,bff3b738ecfdb83c27082b3f2d120040bb1b313f9424c43c7d2cc93842335933,0,1,1,1,1
477,477,0,ede74cc0c6de19c279d67bc53dcf5eca40c99fd0aac418d899c196e021c0e2e9,0,1,1,1,1
478,478,0,9334f931b939f42a653dd6227e3fd319f73f2710cc3e1206063cd4fbb637b1f1,0,1,1,1,1
479,479,0,07c002ec8ec0f7f5b5c22d006ec6620aa0cb53142ad2be1de1d9672691e2142e,0,1,1,1,1
480,480,0,923682ef8930dbe54229dfdced20c9d4c017cfcdf70d1ec8d303dbc395f923c1,0,1,1,1,1
481,481,0,95e49d2f29eed33531f8a93a6d02fe3d990cbc3f7216d93fb81f533e2e28343b,0,1,1,1,1
482,482,0,59f7c1c058ed00c0d1e3e4c003db65c327d373c772ccf4cc0ec7c4d320c3b6db,0,1,1,1,1
483,483,0,e829503a16315c3502370a2f863b8327833efa1ee63fa515a73fc30bc63d9301,0,1,1,1,1
484,484,0,78c296dd73c0a3e60ec055f04dc16ffa27c4ad048ac8cc0e58ce8a186bd5a821,0,1,1,1,1
485,485,0,253d52ff59391ff5153433eb7b2dd0e1b82532d9fc1c93d1831324cb8a0910c6,0,1,1,1,1
486,486,0,20d78d2382df952bb8e8803287f22038aefc503ceb06f53efa10fd3f9b1a613f,0,1,1,1,1
487,487,0,4f0724c512fde3c1e9f239c016e931c0d8dfcbc16ed7fdc40ed0b2c9e8c9cbcf,0,1,1,1,1
488,488,0,a31c073f6625723c342d5038da33be322c39df2b073de023523ff61afe3f5b11,0,1,1,1,1
489,489,0,bcc84ed14bc4e2d862c177e113c0d4ea67c0bcf45cc2eefee6c52709ecca2313,0,1,0,0,1
490,490,0,ec3f2e0f983e1105ab3bd3fa3637b7f05731ffe6342aebddfd21b7d5e71897ce,0,1,0,0,1
491,491,0,36cc4615e0d2a21eb1da342777e3c52ef8ec2435f5f6263a2e01ab3d600b9c3f,0,1,0,0,1
492,492,0,d01631cdfb0ca2c7d20285c395f8f5c08aee01c0f0e4b2c009dc01c30dd4e0c6,0,1,0,0,1
493,493,0,950dd23f6317c53f9720163ef528d13a473009365d36e02f0e3b7c283c3e0f20,0,1,0,0,1
494,494,0,71d2edc7dbcb91cd9ac67fd4d2c28bdc9bc07fe504c021ef10c131f9b9c36e03,0,1,0,0,1
495,495,0,b83e171ef33fb2148a3fc50a813d9100e4395af6cc3462ec5a2eeae2b72632da,0,1,0,0,1
496,496,0,85c4ad050cc9c60ffcce77192dd6822270deaa2a90e7ba3150f1843770fbe33b,0,1,0,0,1
497,497,0,e62467d8161ce3d08d1295ca8b08a4c551fe33c222f456c040ea1bc0eee083c1,0,1,0,0,1
498,498,0,affda43ceb07213ff2110040841b3b3f6224d73c512ce5381d337e339a38c52c,0,1,0,0,1
499,499,0,fbde09c2a8d663c565cf3cca60c976d0c1c4e8d7a7c161e025c0a8e946c083f3,0,1,0,0,1
500,500,0,9e39222b533d0923763f0b1af93f6310d83e4f061b3c11fcd437edf11f3226e8,0,1,0,0,1
501,501,0,86c0baf5a3c2f0ff53c6250a7dcb191400d2881db0d936265be2e92dc8eb7034,0,1,0,0,1
502,502,0,b13013e6712912dd2221f7d4f917f5cd330e3cc81004f0c3d2f92fc1bdef09c0,0,1,0,0,1
503,503,0,eeedb235f5f7903a3002ee3d5d0cb63f3916dd3f831f613efe274b3b742fb136,0,1,0,0,1
504,504,0,92ed00c008e4dac035db51c353d356c796cccfcc2ac798d333c383dbcac05ee4,0,1,0,0,1
505,505,0,ef307e35e336332f6f3bb327763e2f1fe33fdf15ad3fff0bd63dd001693a96f7,0,1,0,0,1
506,506,0,7ac06ae60cc01af041c132fa12c470046bc8900e31ce52183ed5732163ddba29,0,1,0,0,1
507,507,0,74395cf539346deba62d06e2e92563d9331dbdd1be1347cbc7092ac690ff89c2,0,1,0,0,1
508,508,0,4ddf682b7fe85b324bf2033871fc3c3cae06ea3ebf10fb3f631a693f5923373d,0,1,0,0,1
509,509,0,4ffdf2c125f33ec04fe92cc00de0bdc19dd7e5c436d092c908caa3cf3cc5f1d6,0,1,0,0,1
510,510,0,3425863c092d6d38b633e33211390b2cf53c1324493f2d1bff3f9611113f8c07,0,1,0,0,1
511,511,0,61c4b2d86fc142e116c09bea60c080f44cc2b1feccc5ea08cacae91224d16c1c,0,1,0,0,1
512,512,0,a53e4e05c13b10fb5437f2f07d3137e7622a1fde3122e5d51f19bece690fdbc8,0,1,0,0,1
513,513,0,b4d26c1e7fda032740e39b2ebdec0235b9f60d3af1009b3d230b953f0d15ef3f,0,1,0,0,1
514,514,0,370dbfc70f0399c3d2f8ffc0c5ee02c028e5a9c03bdcefc239d4c5c656cd12cc,0,1,0,0,1
515,515,0,2917ca3f6220253ec628e93a1f302a363c360830f63aab282d3e4420cd3f0917,0,1,0,0,1
516,516,0,fecb6bcdb5c653d4e4c258dca4c047e503c0e6ee05c1f4f8a5c33103d0c7590d,0,1,0,0,1
517,517,0,f03fec14913f010b913dcf00fe3997f6ee349cec842e21e3e82663da4d1e9cd2,0,1,0,0,1
518,518,0,edc88b0fd5ce3f19ffd54e223cde7c2a57e7933114f1663732fbcd3b7005ac3e,0,1,0,0,1
519,519,0,4d1c0dd1c812b6cac808bec58efe43c25ef45dc07aea18c023e176c197d86ec4,0,1,0,0,1
520,520,0,ae07173fb711ff3f4d1b443f2f24ea3c242c0139f832a2337e38f02c913c1825,0,1,1,1,1
521,521,0,d7d64ac58ccf1bca80c94dd0d8c4b8d7b5c12be029c06fe941c047f3fac172fd,0,1,1,1,1
522,522,0,413d3d236e3f431afa3f9e10e33e8b06303c4efcf23729f245325fe84f2b2fdf,0,1,1,1,1
523,523,0,92c2b2ff39c6e9095acbde13d5d1521d7fd9052624e2bf2d8eeb4d347ef58439,0,1,1,1,1
524,524,0,a02946dd562124d532181cce6f0e5ac84d0406c40ffa3ac1f8ef0bc04be67ec0,0,1,1,1,1
525,525,0,b8f7773af301df3d210cb13fff15e13f4d1f6e3ece27623b4a2fd1369035d930,0,1,1,1,1
526,526,0,3fe4d0c067db3ec37fd33ac7baccabcc46c76cd346c351dbd4c027e400c0b3ed,0,1,1,1,1
527,527,0,c3365c2f583be327683e651fdf3f1816b33f3b0ce63d0d02823ad2f79f35cded,0,1,1,1,1
528,528,0,0ac0dfef35c1f5f9fcc332044dc8550e0bce191810d53f212fdd8b2932e6c730,0,1,1,1,1
529,529,0,5c34a7ebd12d3ce21a2694d9691de8d1f8136acb030a44c6cdff9ac298f582c0,0,1,1,1,1
530,530,0,46e835320ff2e53733fc273c7106de3e8410fa3f2b1a713f2623493d3b2b8f39,0,1,1,1,1
531,531,0,61f343c088e928c043e0afc1cdd7cec45fd072c929ca7bcf55c5c2d601c218df,0,1,1,1,1
532,532,0,dd2c8a3892330833f538382ce23c4524403f651b0040d1111b3fc807993c8dfd,0,1,1,1,1
533,533,0,7cc10ce119c061ea5ac044f43cc273feb3c5ad08a8caae12fbd0351c82d80225,0,1,1,1,1
534,534,0,d63b4dfb73372ef1a43170e7902a53de652213d65819e6cea50ffac88b0578c4,0,1,1,1,1
535,535,0,4edad32609e3712e83ecdf347cf6f339b4008a3de70a8e3fd314f13f361eb13e,0,1,1,1,1
536,536,0,4c03aec30ff90ac100ef03c060e5a0c06edcdcc266d4aac67ccdefcbddc789d2,0,1,1,1,1
537,537,0,2d20343e9728003bf72f4b361c363130de3adb281f3e7920c83f4217cf3f730d,0,1,1,1,1
538,538,0,d1c626d4f7c225dcadc010e502c0abeefbc0b8f890c3f402b3c71d0d46cdf016,0,1,1,1,1
539,539,0,983f3e0ba23d0c01183ad3f61135d7ecae2e58e3192795da831ec7d2261522cc,0,1,1,1,1
540,540,0,adce0719d1d51a2208de4e2a1fe76d31d8f04737f5fab73b3305a03e4f0fed3f,0,1,1,1,1
541,541,0,0213d8ca0409d7c5cbfe53c29af463c0b4ea15c059e169c1c7d858c436d1cec8,0,1,1,1,1
542,542,0,7c11ff3f151b4d3ffd23fd3cf82b1d39d332c63361381c2d7d3c4a250d3f841c,0,1,1,1,1
543,543,0,b5cffac9a0c925d0f0c489d7c3c1f6df2ec036e93cc00bf3ebc135fd32c57107,0,1,1,1,1
544,544,0,663f7b1afc3fd910ee3ec806453c8bfc103865f26b3298e87c2b64df702306d7,0,1,1,1,1
545,545,0,1fc6ac0938cba413abd11b1d4ed9d325eee1942d54eb293441f5693975ff303d,0,1,1,1,1
546,546,0,8a2152d56a1842ceaa0e79c88a041bc44cfa46c134f00dc083e677c079dd81c2,0,1,1,1,1
547,547,0,b501cf3de40baa3fc615e43f181f7c3e9e27793b212ff1366f3500315e3ace29,0,1,1,1,1
548,548,0,99db2bc3abd31ec7dfcc86cc63c740d35ac31fdbdec0f0e300c079edc6c07bf7,0,1,1,1,1
549,549,0,413b13285b3e9a1fdb3f5216b93f770cf53d4b029b3a0ff8c03508ee862f76e4,0,1,1,1,1
550,550,0,29c1b8f9e7c3f5032fc8190ee5cde017e3d40b21fcdc5d29fae5a030a3efa436,0,1,1,1,1
551,551,0,fc2d72e24b26c5d9a01d12d232148dcb400a5fc60a00abc2d4f589c0e1eb08c0,0,1,1,1,1
552,552,0,d3f1c737f6fb123c3406d33e4910f83ff319793ff3225b3d0e2baa390f327f34,0,1,1,1,1
553,553,0,c1e923c078e0a1c1fdd7b7c488d052c94bca53cf6dc594d610c2e4de49c00de8,0,1,0,0,1
554,554,0,6e332d33d938642ccf3c7824373f9c1b00400c12253f0508ad3ccafda7389df3,0,1,0,0,1
555,555,0,1dc027ea54c007f42cc236fe99c5710886ca7412d1d0fe1b52d8d024d6e0b22c,0,1,0,0,1
556,556,0,92376af1cb31a9e7be2a87de982241d690190dcfe00f1ac9c8058ec48afb89c1,0,1,0,0,1
557,557,0,d3e2472e48ecbd3440f6d9397700793dab0a873f9914f43f001ebe3ea226ec3b,0,1,0,0,1
558,558,0,4cf915c13bef05c097e598c0a1dccac293d48ec6a2cdcbcbfac75ed2c2c31cda,0,1,0,0,1
559,559,0,6728183bce2f6b36fb355930c63a0a29103eae20c33f7b17d43faf0d423e8903,0,1,0,0,1
560,560,0,09c3f3dbb6c0d8e401c070eef0c07bf87cc3b70296c7e10c21cdb716f9d3f81f,0,1,0,0,1
561,561,0,b23d4901313a10f7333511edd82e8fe34927c7dab91ef3d2601546cc7a0becc6,0,1,0,0,1
562,562,0,a3d5e621d5dd202ae6e646319df02837b8faa13bf604933e140fea3fce189f3f,0,1,0,0,1
563,563,0,4109f1c509ff63c2d6f46ac0eeea12c08fe15cc1f8d842c460d1afc8fbca86ce,0,1,0,0,1
564,564,0,de1a563fca230f3dcb2b3839ae32ea334438472d693c7c25023fbb1cfe3f3d13,0,1,0,0,1
565,565,0,c0c9fccf07c559d7d1c1c1df33c0fde836c0cff2dcc1f8fc1ac53407d9c94111,0,1,0,0,1
566,566,0,fd3f1411fa3e0507593cc8fc2d38a1f29132d1e8a92b99dfa32335d7b31addcf,0,1,0,0,1
567,567,0,15cb6a1381d1e51c1dd9a225b8e1692d1aeb063405f54d3938ff1e3d70095d3f,0,1,0,0,1
568,568,0,a31869cee60e97c8c70431c489fa53c16ff00fc0bbe66fc0addd70c27fd505c6,0,1,0,0,1
569,569,0,a80ba43f8c15e83fe21e893e6e27903bf82e10374d352731453afc29bf3dbe21,0,1,0,0,1
570,570,0,d7d302c704cd62cc7fc714d36dc3eddae8c0b9e301c03eedbdc03ef718c37801,0,1,0,0,1
571,571,0,4d3ecf1fd73f8b16bf3fb30c043e8802b33a4cf8e23543eeaf2faee44328ccdb,0,1,0,0,1
572,572,0,d2c3b80311c8dd0dbfcda717b6d4d620c9dc2e29c2e5783068ef84367bf92a3b,0,1,0,0,1
573,573,0,7c26f6d9d61d3dd26c14b0cb7c0a7ac64700bdc211f691c01cec06c0a9e21ec1,0,1,0,0,1
574,574,0,b9fbfd3bf705c73e0e10f63fbb19813fc0226c3de12ac439e831a234a937262e,0,1,0,0,1
575,575,0,ade093c12dd8a0c4b1d032c96cca2bcf86c565d620c2afde4fc0d4e720c097f1,0,1,0,0,1
576,576,0,bd38902cbc3caa242d3fd31b004047122f3f4208c03c07fec338d9f35233fbe9,0,1,0,0,1
577,577,0,4dc0cbf31cc2f9fd80c5340864ca3912a8d0c71b22d89e24a1e0862ceee94933,0,1,0,0,1
578,578,0,f131e1e7eb2abbdecc2270d6c81935cf1b1039c90506a5c4c7fb96c1a5f120c0,0,1,0,0,1
579,579,0,0eec9a3403f6be393900683d6e0a7f3f5f14f63fca1dca3e7126013c1d2eb037,0,1,0,0,1
580,580,0,76ef06c0cfe590c0d4dcb9c2c0d474c6c7cda8cb18c833d2d7c3ebd921c19ce2,0,1,0,0,1
581,581,0,a52f8b36da358130ae3a3929013ee220bd3fb417d83feb0d503ec603303b89f9,0,1,0,0,1
582,582,0,bfc0a1e400c035eee6c03ef869c37a0279c7a50cfccc7e16cdd3c31fc0db3828,0,1,0,0,1
583,583,0,4b3a4cf755354ced012fc6e37927f8daef1e1ed399156accb60b08c786011cc3,0,1,0,0,1
584,584,0,a1ddf229aee61e3161f009377bfa8a3bb904863ed80ee73f9618a63fb221c33d,0,1,1,1,1
585,585,0,46ff74c213f571c027eb0fc0c5e150c128d92cc48ad190c81dcb60ce0bc675d5,0,1,1,1,1
586,586,0,9723223d9e2b543988320e342638732d543cad25f73ef11cfd3f77135f3f7e09,0,1,1,1,1
587,587,0,1fc52ad7e0c18cdf38c0c3e832c093f2cec1bafc02c5f706b9c90611d4cfa61a,0,1,1,1,1
588,588,0,043f42076d3c06fd4a38ddf2b6320ae9d62bcddfd62364d7eb1a05d04f11e1c9,0,1,1,1,1
589,589,0,57d1ae1cecd8702582e13d2de0eae233c9f43239fafe0b3d3309543f2f13fe3f,0,1,1,1,1
590,590,0,210fb6c8040547c4c6fa5fc1abf012c0f3e668c0e0dd60c2add5ebc58fcef3ca,0,1,1,1,1
591,591,0,5215eb3fad1e963e3e27a63bce2e2f372b354f312c3a2b2aaf3df2219d3fdb18,0,1,1,1,1
592,592,0,29cd3ecc9cc7e8d281c3bbdaf2c082e301c004edb4c002f705c33b01e6c66c0b,0,1,1,1,1
593,593,0,d33fc416c43fef0c133ec502cc3a89f803367eeed72fe5e47228fedb042004d4,0,1,1,1,1
594,594,0,f3c7a10d99cd6e1789d4a22095dcff288be550302def63363ef9133b7b033f3e,0,1,1,1,1
595,595,0,0c1e68d2a614d3cbb90a95c68500cfc24ef69ac056ec04c0dfe213c127dabdc3,0,1,1,1,1
596,596,0,ba05bb3ed20ff33f8319893f8c227d3db32adf39c231c5348b37512ee73bad26,0,1,1,1,1
597,597,0,5dd889c4dbd013c98eca04cf9fc537d62fc27bde55c09ce71cc05cf186c17cfb,0,1,1,1,1
598,598,0,a93cdc24233f0b1c00408112393f7f08d43c44fedf3815f4763335eabc2ce3e0,0,1,1,1,1
599,599,0,0dc2bcfd68c5f70743cafe117fd08f1bf2d76c246be05a2cb4e925338ff3a038,0,1,1,1,1
600,600,0,182bf0deff229ed6001a5ccf571059c94206bcc404fca4c1e1f124c01ae848c0,0,1,1,1,1
601,601,0,c7f5a439fcff573d320a773f2514f83f931dd53e4026173cf22dce3777341732,0,1,1,1,1
602,602,0,07e688c008dda7c2edd459c6edcd85cb36c808d2ecc3bad92cc166e208c0d4eb,0,1,1,1,1
603,603,0,b935a930953a6829f13d1721b83fed17dc3f270e5e3e0304473bc6f9ab36b1ef,0,1,1,1,1
604,604,0,00c0faeddcc001f855c33c025cc7690cd7cc4416a1d38e1f8edb082869e47c2f,0,1,1,1,1
605,605,0,773586ed2b2ffde3a9272adb241f4ad3d3158eccf20b24c7c4012fc389f7c8c0,0,1,1,1,1
606,606,0,76e6f73026f0e9363efa743b7c04793e9d0ee43f5d18ac3f7e21d33dc329643a,0,1,1,1,1
607,607,0,4ff578c061eb0cc0fbe144c159d916c4b5d172c840cb39ce25c647d585c26ddd,0,1,1,1,1
608,608,0,722b6f396232313409389e2d403cdf25ec3e281dfb3fb213673fba09343d83ff,0,1,1,1,1
609,609,0,efc158df3dc08ae82dc057f2c0c17dfceac4ba0698c9cb10abcf6e1afbd66423,0,1,1,1,1
610,610,0,823c43fd673819f3db3243e9022c02e0082494d7221b2ed08a1102ca7f0737c5,0,1,1,1,1
611,611,0,bcd83f254de1122da6eabe338cf41639bdfef93cf6084b3ff512ff3f771c0f3f,0,1,1,1,1
612,612,0,41055dc403fb6cc1e6f015c02ce762c014de4fc2dbd5d1c5b6ced1cad5c82dd1,0,1,1,1,1
613,613,0,771ea23e0d27bc3ba42e4e3709357631123a592a9e3d2622973f1419ee3f5d0f,0,1,1,1,1
614,614,0,b9c7bdd295c389dafdc04be302c0c9ecabc0c5f6f2c2fe00cac6300b1acc1815,0,1,1,1,1
615,615,0,c93f2b0d223e0203e43ac6f82336b8ee00301de5a22831dc392030d4fe164fcd,0,1,1,1,1
616,616,0,73cd35175cd46d2063dcd02853e52730f2ee433601f9fb3a3e03303e650dce3f,0,1,1,1,1
617,617,0,e014f7cbf50ab0c6c200e1c28af6a2c090ec03c016e308c159daa9c393d2d6c7,0,1,0,0,1
618,618,0,970ff13f4b19903f59228e3d852af9399b31e7346c377b2ed13bde26af3e421e,0,1,0,0,1
619,619,0,04d1f3c8b0caddceb8c508d63fc247de5bc063e718c020f179c13ffb73c47d05,0,1,0,0,1
620,620,0,193f421cff3fbc12423fbb08e63c82fefb3852f49b336eeae72c18e10e258dd8,0,1,0,0,1
621,621,0,4fc5ba0722cac31156d0581bc2d7392436e02d2c7be9003353f383387efd953c,0,1,0,0,1
622,622,0,3223cdd6381a84cf921079c97f06d3c442fcb2c11df229c053e842c024dffdc1,0,1,0,0,1
623,623,0,bfff453df5096f3fea13fa3f5d1de13e0f262c3cc72dec3754343d328939462b,0,1,0,0,1
624,624,0,3bdd96c21bd53ec614ce62cb54c8ded101c489d938c130e20ac09aeb80c08af5,0,1,0,0,1
625,625,0,7c3a9629e23d4b21b23f2618e03f620e6c3e41045e3b03facb36ecefd0303fe6,0,1,0,0,1
626,626,0,d2c0c4f742c3ff0140c72d0cb2cc0b1675d3581f5bdbd82732e4532fbfed9735,0,1,0,0,1
627,627,0,542f34e4d9275ddb5a1f76d30c16b3cc2f0c40c7010242c3c6f7d2c0c1ed00c0,0,1,0,0,1
628,628,0,ebefca3601fa5d3b3f046b3e610ee03f2518b23f4a21e23d95297d3acf309835,0,1,0,0,1
629,629,0,9beb0ac031e238c18ad901c4dfd153c862cb13ce3fc61ad596c23add80c03ee6,0,1,0,0,1
630,630,0,3d325534eb37c82d2b3c1026e13e5e1dfa3fec13703ff709463dc0ff8a398cf5,0,1,0,0,1
631,631,0,42c051e828c01bf2b1c140fcd3c47d0678c9901083cf361accd6312323df452b,0,1,0,0,1
632,632,0,843855f301337ce92f2c38e03b24c3d75a1b57d0c51123cabc0750c580fdfec1,0,1,0,0,1
633,633,0,17e1e62c6dea9a3350f4fb3880fee63cba08423fba12ff3f401c193f0d25953c,0,1,0,0,1
634,634,0,41fb79c122f119c064e75bc048de3fc209d6b8c5deceafcaf4c803d173c48cd8,0,1,0,0,1
635,635,0,dd26d23b7a2e6d37e6349c31f839872a8e3d5a22903f4c19f13f980faf3e7e05,0,1,0,0,1
636,636,0,a9c358da08c114e303c08feca2c089f6e0c2c000afc6f30af6cbdf1492d2411e,0,1,0,0,1
637,637,0,313e3f03fc3a03f94436f3ee283054e5d12864dc6e205dd4371774cd670dd7c7,0,1,0,0,1
638,638,0,2fd4382030dca1281be5ff2fb7ee2236c4f8e33a0103223e290dc93ffc16ce3f,0,1,0,0,1
639,639,0,310bcbc6ff00f3c2c7f6abc0cbec02c04de3fdc08bda95c3bed2b9c71bcc4ecd,0,1,0,0,1
640,640,0,1219973f25229f3d572a133a75310a354d37a52ebc3b0f27a23e781eee3f1a15,0,1,0,0,1
641,641,0,d1cab5ced2c5dad550c213de62c02ae715c0e5f06cc102fb5cc44005d4c85b0f,0,1,0,0,1
642,642,0,ff3ff6124c3ff808f93cbffe17398ef4bf33a8ea132d4ee14025bdd8781c2ed1,0,1,0,0,1
643,643,0,01ca89112dd0211b92d7072401e0012c42e9db3217f3673841fd813c7d070f3f,0,1,0,0,1
644,644,0,701aaccfcd1099c9bc06ebc47ffcc0c159f22dc08ce83dc059dfeec1fcd637c5,0,1,0,0,1
645,645,0,b909673fb013fb3f261dec3ede25403c9d2d0a38303463326e39732b333d6523,0,1,0,0,1
646,646,0,48d524c63ace3fcb72c8b3d117c458d944c1f9e10cc060eb78c04ef585c282ff,0,1,0,0,1
647,647,0,d23d7f21ac3f5f18e43f9e0e793e7e04753b40faea3628f0f83077e6c5296edd,0,1,0,0,1
648,648,0,2ec3c20124c7f10b8dccd11549d3231f29dba827fbe32a2f85ed763588f7633a,0,1,0,0,1
649,649,0,09288fdb8f1fa2d34616d8cc6b0c5dc73e0255c303f8dcc0fced00c06be4c8c0,0,1,0,0,1
650,650,0,c4f9463b02045e3e250edc3fec17b83f1521f23d6629963aa830ba35aa367d2f,0,1,0,0,1
651,651,0,67e22cc1bbd9ecc309d235c885cbeccd59c6ecd4a8c206dd88c006e608c0b0ef,0,1,0,0,1
652,652,0,cd37f32d163c4126d53e951df83f2614783f330a573dfeffa439c8f57834d6eb,0,1,0,0,1
653,653,0,24c0dff1a4c103fcbcc4400658c955105bcfff199dd6fe22efde172b19e81632,0,1,0,0,1
654,654,0,2533b6e95b2c6de06d24f3d7911b80d0001244caf90768c5bdfd0dc291f348c0,0,1,0,0,1
655,655,0,33ea753314f4df3843fed33c7d08393f80120040091c233fdb24a93cbb2ca138,0,1,0,0,1
656,656,0,5df11cc09de755c07dde2fc238d69fc505cf8dca13c9dad08ac45bd886c1e1e0,0,1,0,0,1
657,657,0,502e8b37c434c331de39b42a7d3d8e22883f8419f33fd40fbb3ebc05e83b7efb,0,1,0,0,1
658,658,0,13c1dee204c054ec99c04cf6cec2830094c6b70ad2cba51467d20b1e26daac26,0,1,0,0,1
659,659,0,133b3ff964362fef51308ce5002997dca3208ad470179acda30df4c77d03bec3,0,1,0,0,1
660,660,0,fddb7128e4e4d62f7cee023687f8cb3ac302133eee0cc43fc316d33f03203f3e,0,1,0,0,1
661,661,0,3c0105c303f7b4c005ed01c083e3f2c0bcda81c3ead29cc73fcc28cde7c602d4,0,1,0,0,1
662,662,0,f121af3d292a2c3a4e312c352e37cf2ea53b3f27953eae1eeb3f54159e3f6e0b,0,1,0,0,1
663,663,0,ebc5acd560c2dfdd69c0f2e612c0a9f05fc1c5fa46c40305b5c8200f8eceda18,0,1,0,0,1
664,664,0,543f35090c3dfcfe3339caf4e333e2ea3e2d84e17225eed8af1c58d13113f4ca,0,1,0,0,1
665,665,0,04d0e91a63d7d423ccdfd42b08e9b532dbf24a3804fd6d3c4107043f4e11fe3f,0,1,0,0,1
666,666,0,0811bac9f90603c5bcfccec194f232c0c5e837c08edfdfc12bd71fc5d5cfe0c9,0,1,0,0,1
667,667,0,7613fd3ff01cf73eac25553c712d27380d3489325339a02b213d98235f3fa71a,0,1,0,0,1
668,668,0,61ce1ccb91c889d12cc427d950c1c3e10fc026eb71c011f574c244ff0ac67c09,0,1,0,0,1
669,669,0,a53f9718e73fda0e863ebb048b3b7dfa0a3763f01f31b0e6f329a2ddb42176d5,0,1,0,0,1
670,670,0,08c7b50b69cc98151dd3ed1ef7da7827c4e3002f4aed54354bf74a3a8501c23d,0,1,0,0,1
671,671,0,c41fced37f16fdcca70c7ac77b0269c33ff8e6c037ee00c0a2e4bfc0c1db1bc3,0,1,0,0,1
672,672,0,c503503ee90dd83fb317bd3fe120013e3829ae3a8030db358a36a62f2f3b3928,0,1,0,0,1
673,673,0,ecd9d7c334d217c8a9cbc6cd74c6bfd4b9c2d3dc90c0cee506c074ef20c187f9,0,1,0,0,1
674,674,0,013c7226c93ecb1df63f60147f3f700a693d3b00bf3905f69b3410ec1e2e9ee2,0,1,0,0,1
675,675,0,96c1c6fba5c4030639c91a1034cfc7196fd6ca22badeea2ae0e7f031a4f1af37,0,1,0,0,1
676,676,0,872ca2e0a02423d8c81ba9d03b1265ca350881c5fbfd1cc2cdf34ec0efe920c0,0,1,0,0,1
677,677,0,d8f3c23805fec03c40082f3f45120040d21b2d3fa924bc3c8f2cbd3851334a33,0,1,0,0,1
678,678,0,d6e74fc0b1de1fc266d686c52ccf6bca33c9b0d0a1c42bd893c1ace020c0fae9,0,1,0,0,1
679,679,0,a134e931c439e22a6c3dc122813fbc19f63f0f10c73ef905fd3bbbfbaa3799f1,0,1,0,0,1
680,680,0,06c01aec91c00ff6bcc2460079c67b0aafcb6b143cd2d51df5d97b26a7e2252e,0,1,0,0,1
681,681,0,84366aef7930c4e52f29cadcd820b7d4a917c0cddf0d12c8ba03d3c37cf91ec1,0,1,0,0,1
682,682,0,ace4ad2f41eee1354af8b33a8602043eb10cbe3f8a16d73fce1f4d3e42282b3b,0,1,0,0,1
683,683,0,40f7bdc040ed01c0bae3e8c0eeda6dc315d37fc763cc03cd03c7d6d318c3cadb,0,1,0,0,1
684,684,0,fb29463a26314e350f37f92e8f3b6f27883ee41ee83f8d15a43faa0bbf3d7a01,0,1,0,0,1
685,685,0,71c2abdd70c0bae60fc06ef052c188fa30c4c60496c8e40e68cea1187ed5bd21,0,1,0,0,1
686,686,0,1e3d39ff4e3906f506341ceb6a2dbae1a3251ed9e61c82d16b1316cb710905c6,0,1,0,0,1
687,687,0,34d7a12397dfa82bcfe890329ff22c38c7fc593c0407f93e1311fd3fb11a5d3f,0,1,0,0,1
688,688,0,36071ac5f9fcddc1d0f237c0fee833c0c3dfd1c15bd707c5fdcfbfc9dac9dccf,0,1,0,0,1
689,689,0,b91c023f7b25693c462d4438e933af323839cc2b0f3dcb23563fdf1afe3f4311,0,1,0,0,1
690,690,0,b0c85fd142c4f6d85dc18de112c0ecea6ac0d5f463c207fff0c54009faca3b13,0,1,0,0,1
691,691,0,ea3f150f933ef804a13bbafa29379ef04731e8e6212ad6dde821a4d5d01887ce,0,1,0,0,1
692,692,0,45cc5e15f1d2b81ec5da48278de3d62e10ed32350ef7313a4701b23d780b9f3f,0,1,0,0,1
693,693,0,b91622cde30c96c7b8027dc37cf8f0c071ee01c0dae4b5c0f4db09c3fad3ecc6,0,1,0,0,1
694,694,0,ae0dd33f7a17c33fac20103e0929c73a5830fc356a36cf2f183b6928423ef91f,0,1,0,0,1
695,695,0,5fd2f9c7cccba1cd8fc692d4cbc2a0dc98c096e505c039ef15c14af9c2c38803,0,1,0,0,1
696,696,0,bd3e011ef43f9a14873fac0a7a3d7800d93941f6be344aec482ed4e2a3261dda,0,1,0,0,1
697,697,0,8ec4c60519c9de0f0ccf8e1940d6972286debc2aa7e7ca3168f1913789fbec3b,0,1,0,0,1
698,698,0,d22453d8ff1bd2d0751287ca72089ac538fe2cc209f454c029ea1dc0d8e088c1,0,1,0,0,1
699,699,0,c8fdad3c0408253f0a1200409b1b373f7624d03c632cda382c336f33a638b32c,0,1,0,0,1
700,700,0,e5de10c295d66dc554cf4aca53c987d0b7c4fcd7a1c176e024c0c0e949c09cf3,0,1,0,0,1
701,701,0,a9390f2b5a3df422793ff419f83f4a10d33e3506123cf8fbc837d5f110320ee8,0,1,0,0,1
702,702,0,89c0d3f5abc209005ec63e0a8ccb301411d29e1dc4d94a2671e2fb2de0eb7e34,0,1,0,0,1
703,703,0,a130fce55e29fddc0c21e4d4e217e6cd1a0e30c8f703e8c3b9f92ac1a5ef08c0,0,1,0,0,1
704,704,0,06eec0350ef89a3a4902f53d750cb93f5016db3f991f5b3e1228423b852fa436,0,1,0,0,1
705,705,0,7aed00c0f1e3dec020db59c341d362c787ccdecc1fc7aad32bc398dbc6c075e4,0,1,0,0,1
706,706,0,ff307035f036222f793ba0277b3e191fe43fc715ab3fe60bcf3db7015f3a7df7,0,1,0,0,1
707,707,0,77c081e60dc032f046c14bfa1bc4890478c8a90e41ce691850d5892178ddcd29,0,1,0,0,1
708,708,0,693943f52a3455eb952df0e1d5254fd91d1dacd1a61339cbae091fc677ff82c2,0,1,0,0,1
709,709,0,62df7b2b96e86a3263f20f388afc443cc706ee3ed810fc3f7a1a663f6e23303d,0,1,0,0,1
710,710,0,36fdecc10cf33cc037e92ec0f8dfc2c18ad7efc426d09fc9fbc9b4cf33c505d7,0,1,0,0,1
711,711,0,49257d3c1b2d6138c533d4321c39f92bfd3cfe234d3f171bff3f7e110d3f7307,0,1,0,0,1
712,712,0,58c4c6d869c158e115c0b2ea63c099f453c2cafed6c50309d8ca011335d1821c,0,1,0,0,1
713,713,0,a03e3505b83bf7fa4837daf06e3120e74f2a0ade1c22d2d50819aece510fcec8,0,1,0,0,1
714,714,0,c6d2821e93da172756e3ad2ed5ec1035d2f6173a0a01a23d3c0b983f2415ee3f,0,1,0,0,1
715,715,0,1f0db3c7f60291c3b9f8fbc0acee02c011e5acc027dcf6c227d4d0c647cd21cc,0,1,0,0,1
716,716,0,4117c83f78201f3eda28df3a30301d364a36f82f003b9828333e2e20cf3ff216,0,1,0,0,1
717,717,0,f0cb7bcdaac665d4ddc26ddca0c05ee503c0feee0ac10df9adc34a03dcc7720d,0,1,0,0,1
718,718,0,f13fd4148e3fe90a8b3db500f3397ef6e03484ec722e0be3d4264fda371e8ad2,0,1,0,0,1
719,719,0,fac8a30fe5ce561912d6632252de8f2a6fe7a3312cf172374cfbd63b8905b13e,0,1,0,0,1
720,720,0,361cfcd0b012a9caaf08b3c575fe3cc245f45ac062ea19c00de17bc183d877c4,0,1,0,0,1
721,721,0,c7071b3fcf110040631b403f4424e33c362cf638073393338938df2c993c0425,0,1,0,0,1
722,722,0,c4d654c57ccf29ca73c95ed0cfc4ccd7afc141e028c087e943c05ff300c28bfd,0,1,0,0,1
723,723,0,493d2823713f2c1afa3f8610df3e7206273c35fce63710f2363247e83c2b1adf,0,1,0,0,1
724,724,0,99c2cbff44c6020a69cbf613e7d1681d93d919263be2d02da6eb5b3496f58f39,0,1,0,0,1
725,725,0,8d2930dd402111d51a180cce560e4ec83404fdc3f6f935c1e0ef0ac034e681c0,0,1,0,0,1
726,726,0,d1f7813a0c02e53d390cb33f1716df3f631f693ee227593b5b2fc4369e35c830,0,1,0,0,1
727,727,0,28e4d4c052db46c36dd346c7abccbacc3bc77ed33ec366dbd0c03ee400c0cced,0,1,0,0,1
728,728,0,d0364c2f623bd0276e3e4f1fe13f0116b13f220cdf3df401783ab9f79135b5ed,0,1,0,0,1
729,729,0,0bc0f7ef3ac10efa05c44c0459c86d0e1bce301823d5552144dd9f2949e6d830,0,1,0,0,1
730,730,0,4d3490ebc02d26e2062680d9531dd6d1e0135bcbea093ac6b4ff93c27ff57ec0,0,1,0,0,1
731,731,0,5de8443227f2f1374dfc2f3c8a06e33e9c10fa3f421a6e3f3b23423d4e2b8439,0,1,0,0,1
732,732,0,48f341c071e929c02de0b4c1b9d7d8c44ed07fc91cca8bcf4bc5d6d6fbc12edf,0,1,0,0,1
733,733,0,ef2c7e38a133f9320039252cea3c3024443f4e1bff3fb911173faf07913c74fd,0,1,0,0,1
734,734,0,76c122e118c079ea5cc05cf442c28dfebdc5c608b6cac6120cd14b1c96d81725,0,1,0,0,1
735,735,0,cd3b34fb673715f1943159e77d2a3ede4f2200d64119d6ce8c0feec872056fc4,0,1,0,0,1
736,736,0,62dae72620e3832e9beced3495f6fd39cd00913d000b913fea14f03f4c1eac3e,0,1,0,0,1
737,737,0,3303a5c3f6f806c1e7ee03c049e5a4c059dce4c254d4b5c66ccdfdcbd1c79bd2,0,1,0,0,1
738,738,0,43202e3eaa28f73a07303d3629362030e83ac728253e6320ca3f2b17cd3f5b0d,0,1,0,0,1
739,739,0,c6c638d4efc23adca9c027e502c0c3eeffc0d1f899c30d03bfc7360d55cd0817,0,1,0,0,1
740,740,0,953f250b9b3df3000d3abaf60335bfec9c2e41e3052780da6d1eb5d20e1513cc,0,1,0,0,1
741,741,0,bdce1e19e4d52f221ede612a36e77c31f1f054370efbc03b4c05a53e680fef3f,0,1,0,0,1
742,742,0,ea12cbcaec08cdc5b2fe4cc281f460c09cea16c043e16ec1b3d861c425d1dac8,0,1,0,0,1
743,743,0,9511ff3f2c1b4a3f1124f53c0a2c1139e232b7336d380a2d853c3625113f6d1c,0,1,0,0,1
744,744,0,a4cf08ca93c935d0e6c49cd7bdc10ce02cc04de93ec023f3f1c14efd3cc58a07,0,1,0,0,1
745,745,0,693f641afb3fc110ea3eaf063c3c72fc03384cf25c3280e86a2b4edf5b23f3d6,0,1,0,0,1
746,746,0,29c6c50946cbbc13bcd1321d62d9e82504e2a52d6ceb38345af574398eff373d,0,1,0,0,1
747,747,0,75213fd5531832ce920e6cc8710412c433fa41c11bf00cc06ce67ac064dd88c2,0,1,0,0,1
748,748,0,cf01d53dfd0bad3fdd15e33f2e1f763eb227703b322fe4367d35f030693abb29,0,1,0,0,1
749,749,0,85db32c399d329c7d0cc95cc57c752d351c333dbdac006e400c091edcac094f7,0,1,0,0,1
750,750,0,4b3b0028603e841fdd3f3a16b73f5e0cef3d3102913af6f7b335f0ed752f60e4,0,1,0,0,1
751,751,0,2ec1d1f9f0c30e043bc8310ef4cdf717f5d4202111dd702911e6b030bcefb136,0,1,0,0,1
752,752,0,ea2d5ce23726b1d9891d01d21a147ecb270a54c6f1ffa4c2bcf586c0caeb08c0,0,1,0,0,1
753,753,0,ecf1d3370ffc1a3c4d06d73e6110f83f0a1a763f0823543d212b9f391e327134,0,1,0,0,1
754,754,0,aae925c062e0a6c1e9d7c0c477d05fc93dca63cf63c5a7d60ac2f9de47c024e8,0,1,0,0,1
755,755,0,7d331e33e438522cd73c63243b3f861b0040f411213fec07a53cb1fd9b3884f3,0,1,0,0,1
756,756,0,1bc03fea56c020f432c24ffea4c58a0894ca8c12e2d0141c65d8e524ece0c42c,0,1,0,0,1
757,757,0,853751f1bb3191e7ab2a72de83222ed67919fdcec80f0dc9af0585c471fb83c1,0,1,0,0,1
758,758,0,e9e2582e60eccb3458f6e3399000803dc30a8a3fb014f33f161eb93eb626e33b,0,1,0,0,1
759,759,0,33f911c122ef04c081e59bc08cdcd2c281d49ac692cddacbeec770d2bac330da,0,1,0,0,1
760,760,0,7b280e3bdf2f5e3608364830d03af728163e9820c53f6417d23f970d3c3e7003,0,1,0,0,1
761,761,0,02c307dcb2c0efe401c088eef4c094f885c3d002a2c7fa0c30cdcf160cd40e20,0,1,0,0,1
762,762,0,ac3d3001273af7f62535f9ecc62e78e33527b2daa31ee1d2481537cc610be1c6,0,1,0,0,1
763,763,0,b5d5fc21eadd332afee65631b5f03537d1faaa3b0f05983e2c0fec3fe5189c3f,0,1,0,0,1
764,764,0,2809e6c5effe5dc2bef467c0d6ea13c079e161c1e4d84bc44fd1bbc8edca96ce,0,1,0,0,1
765,765,0,f51a533fdf23083dde2b2d39bd32db335038362d713c6725063fa41cfe3f2513,0,1,0,0,1
766,766,0,b3c90dd0fec46dd7cbc1d7df31c014e939c0e7f2e2c111fd24c54d07e7c95a11,0,1,0,0,1
767,767,0,fd3ffc10f53eec06513caffc213888f28132b9e8962b83df8e2322d79c1acccf,0,1,0,0,1
768,768,0,23cb821392d1fb1c31d9b625cee17a2d32eb14341ef5593951ff253d8909613f,0,1,0,0,1
769,769,0,8c1859cecd0e8bc8ae0428c470fa4ec157f00ec0a4e672c098dd77c26dd50fc6,0,1,0,0,1
770,770,0,c10ba73fa415e73ff81e833e8227863b092f03375b3517314f3aea29c63da921,0,1,0,0,1
771,771,0,c5d30dc7f5cc71cc74c726d365c301dbe4c0cfe300c056edc1c057f71fc39101,0,1,0,0,1
772,772,0,533eb91fd93f7316bc3f9a0cfe3d6f02a93a33f8d4352aee9e2f97e42f28b7db,0,1,0,0,1
773,773,0,dbc3d1031dc8f60dcecdbf17c8d4ec20dedc4129d9e5883080ef913694f9343b,0,1,0,0,1
774,774,0,6826e2d9c01d2bd25414a1cb630a6fc62e00b5c2f8f58ec004ec07c092e223c1,0,1,0,0,1
775,775,0,d2fb053c1006cc3e2610f63fd2197e3fd522653df32aba39f8319434b537152e,0,1,0,0,1
776,776,0,97e099c119d8a9c4a0d03fc95eca3ccf7cc578d619c2c5de4cc0ebe721c0b0f1,0,1,0,0,1
777,777,0,c8387e2cc43c9524313fbd1b00402e122b3f2908b83ceefdb838c1f34333e3e9,0,1,0,0,1
778,778,0,50c0e4f322c212fe8bc54d0872ca5112b9d0dd1b35d8b324b7e0982c05ea5833,0,1,0,0,1
779,779,0,e131cae7d82aa6deb6225dd6b11924cf03102cc9ec059cc4aefb91c18df11fc0,0,1,0,0,1
780,780,0,26eca8341cf6c93952006f3d870a823f7614f53fe01dc53e8526f93b2e2ea337,0,1,0,0,1
781,781,0,5eef06c0b8e593c0bfdcc0c2aed47fc6b8cdb6cb0cc845d2cec3ffd91cc1b2e2,0,1,0,0,1
782,782,0,b62f7e36e7357030b83a2629073ecd20c03f9d17d63fd20d4a3ead03263b70f9,0,1,0,0,1
783,783,0,bbc0b8e401c04deeeac057f871c3930285c7be0c0bcd9516dfd3d91fd5db4b28,0,1,0,0,1
784,784,0,403a34f7473534edf02eafe36627e4dad91e0cd382155bcc9d0bfdc66d0114c3,0,1,0,0,1
785,785,0,b6dd052ac5e62e317af0163794fa943bd2048b3ef10ee93fad18a33fc821bc3d,0,1,0,0,1
786,786,0,2dff6dc2faf46ec010eb10c0afe155c114d935c479d19dc80fcb70ce00c688d5,0,1,0,0,1
787,787,0,ac231a3db12b48399732ff333238612d5d3c9925fb3edb1cfd3f5f135b3f6509,0,1,0,0,1
788,788,0,16c53dd7dac1a2df36c0dbe834c0abf2d4c1d3fc0cc51007c6c91f11e4cfbd1a,0,1,0,0,1
789,789,0,003f2907653cedfc3e38c4f2a732f2e8c32bb8dfc12351d7d41af5cf3711d4c9,0,1,0,0,1
790,790,0,68d1c41c00d9852598e14f2df8eaf033e1f43d3914ff133d4c09583f4713fe3f,0,1,0,0,1
791,791,0,090fa9c8eb043ec4adfa5ac192f011c0dce66bc0cbdd66c29ad5f5c580ce01cb,0,1,0,0,1
792,792,0,6a15ea3fc31e903e52279d3bdf2e223739353f31363a182ab53ddd21a03fc418,0,1,0,0,1
793,793,0,1acd4ccc90c7fad279c3cfdaeec098e301c01cedb7c01bf70dc35401f1c6850b,0,1,0,0,1
794,794,0,d43fad16c23fd60c0d3eac02c23a70f8f53565eec72fcee45f28eadbef1ff1d3,0,1,0,0,1
795,795,0,00c8ba0da8cd86179bd4b720aadc1229a1e5603045ef713657f91c3b9403443e,0,1,0,0,1
796,796,0,f61d56d28e14c5cba00a8ac66c00c7c235f696c03eec05c0c9e217c113dac6c3,0,1,0,0,1
797,797,0,d305c03eeb0ff43f9a19853fa122763dc62ad439d231b73497373f2ef03b9926,0,1,0,0,1
798,798,0,49d892c4cad01fc980ca14cf95c54ad629c291de52c0b3e71dc074f18bc195fb,0,1,0,0,1
799,799,0,b03cc724273ff41b00406912353f6608cc3c2bfed438fdf367331deaaa2ccde0,0,1,0,0,1
800,800,0,13c2d5fd72c5100851ca161290d0a61b05d8812481e06c2ccce93433a8f3ac38,0,1,0,0,1
801,801,0,062bdadeea228bd6e9194ccf3e104cc92906b3c4ebfb9ec1c8f123c003e84ac0,0,1,0,0,1
802,802,0,dff5af3915005e3d4b0a7b3f3c14f73faa1dd13e54260e3c042ec23785340832,0,1,0,0,1
803,803,0,f0e58bc0f3dcaec2dbd464c6decd93cb2ac81ad2e3c3ced927c17ce207c0eceb,0,1,0,0,1
804,804,0,c63598309f3a5429f83d0121ba3fd617da3f0e0e583eea033d3badf99e3699ef,0,1,0,0,1
805,805,0,00c012eee0c01af85dc3560268c7820ce6cc5c16b3d3a41fa2db1c2880e48d2f,0,1,0,0,1
806,806,0,69356eed1a2fe6e3962716db0e1f38d3bb157fccda0b19c7aa0127c370f7c4c0,0,1,0,0,1
807,807,0,8de607313ef0f63657fa7d3b95047e3eb50ee53f7418a93f9421cc3dd7295a3a,0,1,0,0,1
808,808,0,36f575c04aeb0dc0e5e149c145d91fc4a3d17ec831cb49ce1ac65ad57ec282dd,0,1,0,0,1
809,809,0,842b64397232233415388c2d483ccb25f03e111dfc3f9a13643fa1092c3d6aff,0,1,0,0,1
810,810,0,e9c16ddf3bc0a2e82fc070f2c5c196fcf4c4d306a6c9e410bccf851a0ed77923,0,1,0,0,1
811,811,0,793c2afd5b3800f3cc322ce9f02beddff32380d70b1b1dd07211f4c966072ec5,0,1,0,0,1
812,812,0,d0d8532563e1242dbeeacd33a5f42239d6fe003d0f094f3f0d13ff3f8e1c0b3f,0,1,0,0,1
813,813,0,280554c4eafa67c1cef014c015e764c0ffdd56c2c8d5dcc5a6cedfcac8c83ed1,0,1,0,0,1
814,814,0,8d1e9d3e2127b33bb52e4137173566311c3a462aa53d1122993ffd18ed3f450f,0,1,0,0,1
815,815,0,adc7cfd28dc39edaf9c062e302c0e1ecaec0def6fac21701d6c6480b28cc3015,0,1,0,0,1
816,816,0,c73f120d1c3ee902da3aadf81636a0eeef2f06e58e281cdc24201ed4e6163fcd,0,1,0,0,1
817,817,0,83cd4d176ed4822077dce3286ae538300aef50361af9053b5703363e7e0dd03f,0,1,0,0,1
818,818,0,c814e8cbdc0aa5c6a900d9c271f69fc078ec04c0ffe20cc145dab1c381d2e2c7,0,1,0,0,1
819,819,0,af0ff23f62198d3f6e22873d982aee39ab31d93479376a2eda3bca26b43e2c1e,0,1,0,0,1
820,820,0,f3d000c9a2caedceaec51bd639c25cde59c07ae71ac039f17ec158fb7cc49605,0,1,0,0,1
821,821,0,1d3f2b1c0040a4123f3fa208df3c68fef03839f48c3357ead62c02e1f92479d8,0,1,0,0,1
822,822,0,59c5d3072fcadc1166d06f1bd6d74e244ce0402c92e90f336cf38f3898fd9d3c,0,1,0,0,1
823,823,0,1d23bad6211a74cf79106cc96606cac428fcacc104f227c03ce844c00fdf04c2,0,1,0,0,1
824,824,0,d8ff4c3d0e0a733f0214f93f731ddc3e2326233cd92de03762342e329439332b,0,1,0,0,1
825,825,0,26dd9dc208d549c604ce70cb48c8efd1f9c39dd933c146e209c0b2eb83c0a3f5,0,1,0,0,1
826,826,0,873a8329e83d3621b43f0f18de3f4a0e663e2704543beaf9be36d4efc03028e6,0,1,0,0,1
827,827,0,d6c0ddf74ac318024bc7460cc1cc231687d36e1f70dbec2749e4642fd8eda535,0,1,0,0,1
828,828,0,432f1de4c62748db441f64d3f515a4cc160c35c7e8013ac3adf7cec0a9ed00c0,0,1,0,0,1
829,829,0,03f0d7361afa673b5804713e790ee23f3c18af3f5f21dc3da829733ae0308a35,0,1,0,0,1
830,830,0,84eb0bc01be23dc176d909c4ced160c854cb22ce34c62cd58fc24fdd7dc055e6,0,1,0,0,1
831,831,0,4c324634f737b72d343cfc25e53e481dfb3fd4136c3fde093e3da7ff7f3973f5,0,1,0,0,1
832,832,0,40c069e82ac034f2b7c159fcdcc4960685c9a91094cf4d1adfd6462339df572b,0,1,0,0,1
833,833,0,78383cf3f13265e91c2c22e02624b0d7431b46d0ad1115caa30746c567fdf7c1,0,1,0,0,1
834,834,0,2de1f82c84eaa83369f4063999feee3cd308463fd212ff3f571c153f21258d3c,0,1,0,0,1
835,835,0,27fb74c109f117c04de75ec033de46c2f6d5c2c5cecebdcae7c814d16ac49fd8,0,1,0,0,1
836,836,0,f126c93b8b2e6037f5348c31033a742a943d4522933f3519f03f800faa3e6505,0,1,0,0,1
837,837,0,a1c36cda03c12be303c0a7eca5c0a1f6e8c2da00bac60c0b05ccf614a4d2571e,0,1,0,0,1
838,838,0,2b3e2603f23aeaf83736dbee18303de5be284fdc58204bd41f1765cd4e0dcbc7,0,1,0,0,1
839,839,0,41d44e2045dcb42832e50f30cfee3036ddf8ed3a1a03283e420dcb3f1417cc3f,0,1,0,0,1
840,840,0,180bc0c6e600ebc2aef6a7c0b3ec02c036e301c176da9dc3acd2c5c70ccc5dcd,0,1,0,0,1
841,841,0,2919943f3a22983d6a2a083a8431fc345a37942ec53bfb26a73e621eef3f0215,0,1,0,0,1
842,842,0,c4cac6cec7c5edd549c228de5fc042e716c0fdf071c11bfb65c45905e1c8740f,0,1,0,0,1
843,843,0,ff3fde12483fdf08f23ca6fe0c3975f4b03390ea012d38e12b25a9d8621c1dd1,0,1,0,0,1
844,844,0,0ecaa1113ed0371ba6d71c2417e0132c59e9ea3230f373385afd893c9607133f,0,1,0,0,1
845,845,0,591a9ccfb5108cc9a306e1c466fcbac140f22bc075e83fc043dff4c1e9d641c5,0,1,0,0,1
846,846,0,d2096b3fc813fb3f3d1de83ef225383cae2dfd373f3454327939602b3b3d5023,0,1,0,0,1
847,847,0,36d52fc62ace4dcb66c8c5d10ec46cd93fc110e20bc078eb7bc066f58cc29bff,0,1,0,0,1
848,848,0,d93d6a21ae3f4718e23f860e733e65046b3b27fadd360ff0e83060e6b22959dd,0,1,0,0,1
849,849,0,36c3db012fc70a0c9ccce9155bd3391f3edbbc2712e43b2f9ded8435a1f76e3a,0,1,0,0,1
850,850,0,f6277adb791f90d32e16c9cc520c51c725024ec3eaf7d8c0e4ed00c054e4ccc0,0,1,0,0,1
851,851,0,ddf9503b1b04633e3e0ede3f0318b53f2b21ec3d79298c3ab830ac35b7366c2f,0,1,0,0,1
852,852,0,51e231c1a7d9f4c3f8d141c877cbfccd4fc6ffd4a0c21bdd85c01de609c0c8ef,0,1,0,0,1
853,853,0,da37e22d1f3c2d26da3e7e1df93f0e14743f1a0a503de5ff9a39aff56934beeb,0,1,0,0,1
854,854,0,26c0f8f1a9c11cfcc5c4590665c96d106ccf161ab0d6132304df2a2b30e82632,0,1,0,0,1
855,855,0,16339ee9492c57e05924dfd77a1b6fd0e81136cae0075ec5a4fd07c278f345c0,0,1,0,0,1
856,856,0,4bea84332df4ea385cfedb3c96083d3f98120040201c1f3fef24a13ccd2c9538,0,1,0,0,1
857,857,0,45f11bc086e757c067de36c225d6a9c5f5ce9bca06c9ebd080c46fd881c1f7e0,0,1,0,0,1
858,858,0,612e7f37d234b331e939a12a843d78228b3f6d19f23fbb0fb63ea205df3b65fb,0,1,0,0,1
859,859,0,0ec1f4e204c06cec9dc065f6d5c29c009fc6d00ae1cbbc1478d2211e3bdac026,0,1,0,0,1
860,860,0,0a3b26f9573616ef403075e5ed2882dc8d2077d458178acd8a0de8c76303b6c3,0,1,0,0,1
861,861,0,12dc8528fae4e72f94ee0f36a0f8d53add02193e060dc63fda16d13f1920393e,0,1,0,0,1
862,862,0,2301fec2eaf6b0c0edec01c06de3f6c0a8da89c3d8d2a7c730cc38cddbc615d4,0,1,0,0,1
863,863,0,0622a83d3c2a223a5e311e353b37be2eaf3b2b279b3e981eec3f3c159b3f550b,0,1,0,0,1
864,864,0,e1c5bfd559c2f4dd66c009e713c0c2f064c1defa4fc41c05c2c8380f9ecef118,0,1,0,0,1
865,865,0,513f1c09043de3fe2739b1f4d433caea2d2d6ee15d25dad8991c47d11913e6ca,0,1,0,0,1
866,866,0,15d0001b77d7e923e2dfe72b20e9c532f4f256381dfd753c5a07083f6611fe3f,0,1,0,0,1
867,867,0,f010acc9e006f9c4a3fcc8c17cf230c0aee83ac078dfe5c118d729c5c4cfedc9,0,1,0,0,1
868,868,0,8e13fc3f061df33ec0254d3c832d1b381b347a325e398d2b293d8323623f911a,0,1,0,0,1
869,869,0,51ce2acb84c89bd123c43bd94bc1d9e10ec03eeb74c02af57bc25dff15c69509,0,1,0,0,1
870,870,0,a83f8018e63fc10e813ea204823b64fafd364bf00f3199e6e0298ddd9e2163d5,0,1,0,0,1
871,871,0,13c7cd0b78ccaf152fd3031f0cdb8c27dbe3112f62ed623564f7553a9e01c93d,0,1,0,0,1
872,872,0,ae1fbcd36816edcc8e0c6ec7620261c327f8e2c01eee00c08ce4c2c0addb23c3,0,1,0,0,1
873,873,0,de03553e020eda3fca17bb3ff720fb3d4b29a43a9030cd359736952f383b2628,0,1,0,0,1
874,874,0,d8d9dfc323d223c89acbd6cd69c6d1d4b2c2e8dc8cc0e5e507c08def25c1a0f9,0,1,0,0,1
875,875,0,0a3c5e26ce3eb51df73f48147c3f570a613d2200b439ecf58c34f8eb0c2e87e2,0,1,0,0,1
876,876,0,9bc1dffbaec41c0646c9321044cfde1982d6df22d0defd2af7e70032bcf1bb37,0,1,0,0,1
877,877,0,752c8ce08b240fd8b11b98d0221258ca1c0877c5e1fd16c2b4f34bc0d8e922c0,0,1,0,0,1
878,878,0,f0f3ce381ffec83c5908333f5d120040e91b293fbd24b43ca12cb23860333b33,0,1,0,0,1
879,879,0,bee751c09bde26c253d690c51ccf79ca26c9c1d097c43fd88ec1c2e01ec011ea,0,1,0,0,1
880,880,0,af34da31cf39cf2a733dac22843fa519f53ff70fc23edf05f43ba2fb9d3781f1,0,1,0,0,1
881,881,0,05c032ec95c028f6c4c25f0084c6930abdcb82144dd2eb1d09da8f26bee2372e,0,1,0,0,1
882,882,0,773651ef6830ade51c29b5dcc220a4d49117b0cdc60d06c8a103cac363f91ac1,0,1,0,0,1
883,883,0,c3e4be2f59eeee3563f8bd3a9f020a3eca0cc13fa116d53fe41f473e5528213b,0,1,0,0,1
884,884,0,27f7b9c028ed01c0a4e3ecc0dada75c303d38bc754cc12cdf7c6e8d310c3dfdb,0,1,0,0,1
885,885,0,0e2a3b3a363140351c37e82e983b5c278e3ece1ee93f7615a23f910bb93d6101,0,1,0,0,1
886,886,0,6ac2c1dd6dc0d1e611c086f057c1a1fa39c4df04a3c8fd0e78ceb91891d5d221,0,1,0,0,1
887,887,0,173d20ff4339eef4f83304eb582da4e18f250ad9d01c70d1531308cb5809fbc5,0,1,0,0,1
888,888,0,47d7b623addfba2be7e89f32b8f23838e0fc613c1d07fe3e2b11fd3fc81a5a3f,0,1,0,0,1
889,889,0,1d0711c5e0fcd7c1b8f235c0e7e835c0addfd7c147d711c5eccfcdc9cdc9eccf,0,1,0,0,1
890,890,0,d01cfe3e8f25613c582d3838f8339f324339ba2b173db6235a3fc81afd3f2b11,0,1,0,0,1
891,891,0,a3c870d139c40ad957c1a4e111c004eb6dc0eef46ac220fffbc5580908cb5313,0,1,0,0,1
892,892,0,e93ffd0e8e3edf04983ba1fa1c3786f03631d1e60e2ac1ddd22191d5b91878ce,0,1,0,0,1
893,893,0,54cc761503d3ce1edada5c27a4e3e82e28ed403527f73b3a6101b93d910ba23f,0,1,0,0,1
894,894,0,a11612cdca0c8bc79f0275c363f8ecc059ee01c0c3e4b9c0dfdb10c3e8d3f7c6,0,1,0,0,1
895,895,0,c60dd53f9117c13fc2200a3e1c29bd3a6830ee357736be2f213b5528473ee41f,0,1,0,0,1
896,896,0,4dd206c8bdcbb0cd84c6a4d4c4c2b5dc95c0ade505c051ef1ac163f9cac3a103,0,1,0,0,1
897,897,0,c23eeb1df53f8214843f930a733d5f00cf3928f6af3432ec372ebee28f2609da,0,1,0,0,1
898,898,0,97c4df0526c9f70f1ccfa51953d6ac229bdecf2abee7da3181f19d37a2fbf43b,0,1,0,0,1
899,899,0,bd243fd8e91bc1d05d1279ca590890c51ffe26c2f0f351c011ea1ec0c2e08ec1,0,1,0,0,1
900,900,0,e1fdb43c1c08293f22120040b11b333f8b24c83c752cce383b336033b238a12c,0,1,0,0,1
901,901,0,d0de16c282d677c544cf58ca46c998d0aec40fd89bc18ce022c0d8e94bc0b4f3,0,1,0,0,1
902,902,0,b439fd2a613ddf227c3fde19f73f3210ce3e1c060a3cdffbbb37bcf10032f7e7,0,1,0,0,1
903,903,0,8cc0ecf5b2c2220069c6570a9acb481423d2b51dd8d95e2687e20c2ef8eb8c34,0,1,0,0,1
904,904,0,9030e5e54b29e8dcf720d1d4ca17d6cd020e23c8de03dfc3a0f925c18def07c0,0,1,0,0,1
905,905,0,1eeecd3527f8a43a6202fb3d8e0cbb3f6816da3fae1f553e2628383b952f9736,0,1,0,0,1
906,906,0,62ed00c0dbe3e2c00cdb61c32fd36ec778ccedcc13c7bcd323c3addbc2c08ce4,0,1,0,0,1
907,907,0,0f316235fd36112f823b8c27813e031fe63faf15a83fcd0bc93d9e01553a64f7,0,1,0,0,1
908,908,0,74c099e60ec04bf04bc164fa23c4a20484c8c10e51ce801863d59e218ddde029,0,1,0,0,1
909,909,0,5e392af51b343eeb832dd9e1c0253bd9061d9bd18e132acb950915c65dff7bc2,0,1,0,0,1
910,910,0,78df8d2baee87a327cf21b38a3fc4d3ce006f33ef010fc3f911a623f8323293d,0,1,0,0,1
911,911,0,1dfde5c1f4f23ac020e930c0e2dfc8c177d7f9c415d0acc9edc9c4cf29c518d7,0,1,0,0,1
912,912,0,5d25753c2d2d5638d433c5322739e72b043de923513f001bfe3f6611083f5a07,0,1,0,0,1
913,913,0,4fc4dad864c16ee113c0caea66c0b1f459c2e3fee1c51c09e6ca191347d1991c,0,1,0,0,1
914,914,0,9b3e1c05af3bdefa3b37c2f05e3109e73c2af4dd0622bfd5f1189ece380fc2c8,0,1,0,0,1
915,915,0,d8d2981ea8da2b276de3be2eedec1e35eaf6223a2301a83d550b9b3f3c15ec3f,0,1,0,0,1
916,916,0,060da7c7dd0289c3a0f8f6c094ee01c0fae4b0c012dcfec215d4dbc638cd30cc,0,1,0,0,1
917,917,0,5817c63f8d20193eed28d53a40300f365736e72f0a3b8528393e1920d13fda16,0,1,0,0,1
918,918,0,e1cb8acd9fc677d4d5c282dc9dc075e504c016ef0ec126f9b6c36303e8c78a0d,0,1,0,0,1
919,919,0,f23fbc148b3fd00a843d9c00e93965f6d2346cec612ef4e2c0263bda211e78d2,0,1,0,0,1
920,920,0,06c9bb0ff5ce6d1925d6782267dea12a86e7b33145f17f3765fbdf3ba205b63e,0,1,0,0,1
921,921,0,201cebd098129bca9608a9c55cfe36c22df457c04bea1bc0f7e081c16fd880c4,0,1,0,0,1
922,922,0,e0071f3fe81100407a1b3d3f5924db3c492cea38163384339538cd2ca13cef24,0,1,0,0,1
923,923,0,b0d65ec56ccf36ca65c96fd0c5c4dfd7a9c157e026c09ee945c078f307c2a4fd,0,1,0,0,1
924,924,0,503d1323743f161af93f6d10da3e59061f3c1cfcda37f8f1263230e82a2b04df,0,1,0,0,1
925,925,0,a0c2e5ff4fc61a0a77cb0e14f8d17e1da7d92d2651e2e22dbeeb6934aff59a39,0,1,0,0,1
926,926,0,79291bdd2b21ffd40318fccd3e0e41c81b04f4c3ddf931c1c8ef09c01de685c0,0,1,0,0,1
927,927,0,eaf78c3a2502ec3d520cb53f2e16de3f791f633ef627503b6c2fb736ac35b830,0,1,0,0,1
928,928,0,12e4d8c03edb4ec35bd351c79cccc9cc2fc790d336c37adbccc054e400c0e4ed,0,1,0,0,1
929,929,0,dd363b2f6b3bbc27733e391fe23fe915ae3f0a0cd93ddb016e3aa1f784359ded,0,1,0,0,1
930,930,0,0bc00ff03fc127fa0ec4650466c8860e2ace471836d56a2159ddb22960e6e830,0,1,0,0,1
931,931,0,3f3478ebae2d10e2f2256cd93d1dc5d1c8134dcbd2092fc69bff8cc266f57bc0,0,1,0,0,1
932,932,0,75e8543240f2fd3766fc383ca306e83eb510fb3f591a6b3f50233b3d602b7939,0,1,0,0,1
933,933,0,30f33fc059e92bc017e0bac1a6d7e1c43ed08cc90eca9ccf41c5e9d6f4c143df,0,1,0,0,1
934,934,0,012d7338b033ea320c39132cf23c1c24483f371bff3fa111133f9607893c5afd,0,1,0,0,1
935,935,0,71c138e116c090ea5fc075f449c2a6fec7c5df08c4cade121dd1621ca9d82b25,0,1,0,0,1
936,936,0,c53b1bfb5a37fdf0843142e76a2a28de3a22edd52919c6ce740fe1c8590565c4,0,1,0,0,1
937,937,0,76dafb2636e3942eb3ecfc34aef6083ae600983d180b943f0215ef3f621ea73e,0,1,0,0,1
938,938,0,1a039dc3ddf801c1cfee02c032e5a7c045dcebc241d4c0c65dcd0cccc5c7acd2,0,1,0,0,1
939,939,0,5820283ebe28ed3a1830303637360f30f23ab4282b3e4e20cc3f1417cb3f420d,0,1,0,0,1
940,940,0,bac64bd4e8c24fdca5c03de503c0dbee03c1eaf8a1c32603cbc74e0d65cd1f17,0,1,0,0,1
941,941,0,933f0c0b943dda00033aa1f6f534a7ec8b2e2be3f1266cda571ea4d2f61405cc,0,1,0,0,1
942,942,0,cece3519f6d5452233de742a4de78c3109f1603727fbc93b6505aa3e800ff03f,0,1,0,0,1
943,943,0,d212bdcad308c2c599fe46c269f45ec084ea17c02de174c19fd86ac414d1e7c8,0,1,0,0,1
944,944,0,ad11ff3f431b463f2624ee3c1c2c0639f132a8337838f82c8d3c2125153f571c,0,1,0,0,1
945,945,0,94cf15ca85c946d0dcc4b0d7b7c122e02ac065e940c03cf3f7c167fd46c5a307,0,1,0,0,1
946,946,0,6c3f4d1afb3fa910e53e9606343c59fcf73734f24c3269e8572b39df4623dfd6,0,1,0,0,1
947,947,0,34c6de0954cbd413ced1481d76d9fc251be2b72d84eb463473f57f39a7ff3e3d,0,1,0,0,1
948,948,0,5f212cd53c1822ce790e60c8580409c41afa3dc103f00bc055e67dc04fdd8fc2,0,1,0,0,1
949,949,0,e801dc3d160caf3ff515e23f441f713ec627673b432fd7368a35e030733aa829,0,1,0,0,1
950,950,0,70db3ac387d335c7c1cca4cc4bc764d34ac348dbd6c01de400c0a9edcec0adf7,0,1,0,0,1
951,951,0,543bec27663e6e1fde3f2316b43f460ce83d1802873addf7a535d8ed642f49e4,0,1,0,0,1
952,952,0,33c1eaf9f9c3270448c84a0e04ce0f1808d5362126dd832928e6c030d4efbe36,0,1,0,0,1
953,953,0,d92d46e223269dd9731defd1021470cb0e0a49c6d8ff9dc2a3f583c0b2eb09c0,0,1,0,0,1
954,954,0,04f2e03728fc233c6606dc3e7910f93f211a733f1d234c3d332b94392e326234,0,1,0,0,1
955,955,0,92e927c04ce0acc1d6d7cac466d06cc92fca74cf59c5bad604c20fdf44c03ce8,0,1,0,0,1
956,956,0,8c330f33f038402cdf3c4e243f3f6f1b0040dc111d3fd3079d3c98fd8f386cf3,0,1,0,0,1
957,957,0,1ac057ea59c039f439c268feaec5a208a2caa412f3d02b1c79d8f92402e1d62c,0,1,0,0,1
958,958,0,793739f1ab317ae7982a5cde6e221bd66219edceaf0f00c996057cc458fb7ec1,0,1,0,0,1
959,959,0,ffe26a2e78ecd93471f6ee39a900873ddc0a8d3fc814f23f2c1eb43eca26da3b,0,1,0,0,1
960,960,0,1af90cc10aef04c06ae59fc077dcd9c26ed4a5c683cde8cbe2c781d2b1c345da,0,1,0,0,1
961,961,0,8e28053bef2f503616363830da3ae3281c3e8220c73f4d17d03f7e0d363e5703,0,1,0,0,1
962,962,0,fac21cdcaec006e502c0a0eef9c0adf88dc3e902adc7120d3fcde6161ed42420,0,1,0,0,1
963,963,0,a53d17011c3adef61735e1ecb52e62e321279eda8d1ecfd2301528cc480bd6c6,0,1,0,0,1
964,964,0,c8d51122ffdd462a15e76631cef04137eafab33b28059d3e450fed3ffd18993f,0,1,0,0,1
965,965,0,0f09dcc5d6fe56c2a5f464c0beea14c063e167c1d0d854c43ed1c8c8dfcaa6ce,0,1,0,0,1
966,966,0,0b1b4f3ff323003df02b2239cc32cd335b38242d793c53250b3f8e1cff3f0d13,0,1,0,0,1
967,967,0,a6c91dd0f4c480d7c5c1eddf2fc02ce93bc000f3e9c12afd2ec56607f4c97211,0,1,0,0,1
968,968,0,fc3fe410f03ed306483c96fc153870f27232a2e8842b6ddf79230ed7851abccf,0,1,0,0,1
969,969,0,31cb9a13a3d1111d45d9cb25e5e18c2d4aeb233436f564396aff2c3da109643f,0,1,0,0,1
970,970,0,741849ceb50e7ec895041fc457fa49c13ef00dc08de675c082dd7ec25ad51ac6,0,1,0,0,1
971,971,0,da0ba93fbb15e53f0e1f7e3e96277d3b1a2ff636693507315a3ad729cc3d9421,0,1,0,0,1
972,972,0,b3d319c7e6cc7fcc68c738d35dc316dbe0c0e6e300c06eedc4c070f727c3aa01,0,1,0,0,1
973,973,0,583ea41fda3f5c16ba3f820cf83d56029f3a1af8c63512ee8d2f80e41c28a2db,0,1,0,0,1
974,974,0,e3c3ea032ac80e0edecdd617dbd40121f3dc5429f0e5983099ef9e36adf93d3b,0,1,0,0,1
975,975,0,5426ced9aa1d1ad23c1493cb4b0a64c61500aec2dff58bc0eceb07c07ce227c1,0,1,0,0,1
976,976,0,ebfb0e3c2906d13e3e10f73fe9197b3fea225e3d062baf3908328534c237042e,0,1,0,0,1
977,977,0,81e09ec105d8b3c490d04cc951ca4ccf72c58bd613c2dade4ac003e823c0c8f1,0,1,0,0,1
978,978,0,d4386c2ccc3c8124353fa61b00401612273f1008b03cd5fdac38a8f33433cce9,0,1,0,0,1
979,979,0,52c0fdf329c22bfe95c5660880ca6912cad0f41b49d8c724cde0aa2c1dea6733,0,1,0,0,1
980,980,0,d231b3e7c62a91dea1224ad69a1914cfeb0f1fc9d30592c495fb8bc174f11dc0,0,1,0,0,1
981,981,0,3eecb73435f6d4396c00763da00a853f8e14f43ff61dc03e9926f03b3f2e9737,0,1,0,0,1
982,982,0,45ef05c0a1e596c0aadcc7c29bd48ac6a8cdc5cb00c856d2c6c313da17c1c9e2,0,1,0,0,1
983,983,0,c72f7136f5356030c23a12290d3eb720c23f8617d43fba0d443e94031c3b57f9,0,1,0,0,1
984,984,0,b7c0cee401c065eeeec070f879c3ac0290c7d60c1acdad16f1d3ef1feadb5f28,0,1,0,0,1
985,985,0,363a1bf739351ceddf2e98e35227cfdac31efad26a154ccc850bf1c654010dc3,0,1,0,0,1
986,986,0,cbdd182adce63f3192f02237adfa9d3beb04903e090fea3fc418a03fdd21b53d,0,1,0,0,1
987,987,0,14ff66c2e1f46bc0f8ea11c098e15ac100d93ec468d1a9c801cb80cef5c59ad5,0,1,0,0,1
988,988,0,c123133dc32b3d39a732f0333e384f2d653c8525003fc41cfe3f4713583f4c09,0,1,0,0,1
989,989,0,0cc551d7d4c1b8df34c0f2e836c0c4f2dac1edfc16c52907d4c93711f5cfd41a,0,1,0,0,1
990,990,0,fb3e10075d3cd3fc3238abf29732dbe8b12ba2dfac233dd7bd1ae4cf1f11c6c9,0,1,0,0,1
991,991,0,79d1db1c14d99925afe1612d10ebff33faf448392dff1a3d65095b3f5f13fd3f,0,1,0,0,1
992,992,0,f10e9dc8d20435c494fa55c17af010c0c5e66ec0b6dd6dc288d500c670ce0fcb,0,1,0,0,1
993,993,0,8215e93fd91e8b3e6627943bf02e163747352e31403a052abc3dc821a33fad18,0,1,0,0,1
994,994,0,0bcd5bcc85c70cd371c3e4daeac0afe301c034edbbc034f714c36d01fdc69d0b,0,1,0,0,1
995,995,0,d63f9516c03fbe0c073e9302b83a57f8e7354deeb62fb8e44b28d5dbd91fdfd3,0,1,0,0,1
996,996,0,0cc8d20db8cd9d17aed4cd20bfdc2629b8e570305eef7e3670f9263bad034a3e,0,1,0,0,1
997,997,0,e01d45d27614b6cb870a7fc65200c0c21cf693c026ec06c0b2e21cc1ffd9cec3,0,1,0,0,1
998,998,0,ec05c53e0310f53fb119823fb6226f3dd82ac939e131a834a3372e2ef93b8526,0,1,0,0,1
999,999,0,35d89cc4b9d02cc972ca24cf8bc55dd622c2a6de50c0cae71fc08df191c1aefb,0,1,0,0,1
1000,1000,0,b83cb3242b3fdd1b00405112313f4d08c43c12fec838e4f3583305ea982cb7e0,0,1,0,0,1
1001,1001,0,19c2eefd7cc529085eca2e12a0d0bd1b19d8952497e07e2ce3e94333c1f3b838,0,1,0,0,1
1002,1002,0,f32ac5ded52278d6d2193ccf26103fc91006a9c4d2fb99c1b0f121c0ebe74cc0,0,1,0,0,1
1003,1003,0,f8f5ba392e00653d630a7e3f5414f63fc01dcc3e6826053c152eb5379434f831,0,1,0,0,1
1004,1004,0,d9e58ec0dedcb5c2c8d46fc6cecda1cb1dc82bd2dbc3e2d923c192e207c004ec,0,1,0,0,1
1005,1005,0,d4358830a93a4129fe3dec20bc3fbf17d93ff60d533ed103343b94f9913680ef,0,1,0,0,1
1006,1006,0,00c02aeee4c033f865c36f0274c79a0cf5cc7316c5d3b91fb7db2f2897e49e2f,0,1,0,0,1
1007,1007,0,5b3556ed092fcfe3822701dbf81e26d3a41571ccc10b0dc791011fc357f7c1c0,0,1,0,0,1
1008,1008,0,a4e6173157f0033770fa863bae04833ecd0ee73f8c18a73fa921c63dea294f3a,0,1,0,0,1
1009,1009,0,1ef572c032eb0ec0cee14ec131d928c492d18bc823cb59ce0fc66dd577c298dd,0,1,0,0,1
1010,1010,0,962b59398132143421387a2d513cb625f53efb1cfd3f8213613f8909253d51ff,0,1,0,0,1
1011,1011,0,e2c183df39c0b9e831c088f2cbc1affcfec4ec06b3c9fc10cccf9c1a22d78e23,0,1,0,0,1
1012,1012,0,713c11fd5038e7f2bd3214e9de2bd7dfdf236dd7f51a0dd05a11e7c94d0724c5,0,1,0,0,1
1013,1013,0,e4d8672579e1362dd6eadb33bef42d39effe083d2809533f2513fe3fa41c063f,0,1,0,0,1
1014,1014,0,0f054bc4d1fa61c1b5f013c0fee667c0eadd5dc2b5d5e6c596ceedcabbc84fd1,0,1,0,0,1
1015,1015,0,a31e983e3527aa3bc62e353725355631273a332aac3dfc219c3fe518ec3f2c0f,0,1,0,0,1
1016,1016,0,a2c7e1d285c3b2daf4c078e301c0f9ecb2c0f7f602c33001e1c6610b37cc4815,0,1,0,0,1
1017,1017,0,c53ffa0c163ed002d03a94f8083688eedf2fefe47b2807dc0e200cd4cf1630cd,0,1,0,0,1
1018,1018,0,92cd641781d498208cdcf72881e5483022ef5e3633f90e3b70033c3e970dd23f,0,1,0,0,1
1019,1019,0,b014dacbc30a9ac69000d2c258f69bc060ec04c0e9e211c130dabac370d2eec7,0,1,0,0,1
1020,1020,0,c80ff33f79198a3f8322803dab2ae339bb31cb348537582ee33bb626b93e161e,0,1,0,0,1
1021,1021,0,e2d00dc994cafdcea4c52ed632c272de56c091e71bc051f183c171fb85c4af05,0,1,0,0,1
1022,1022,0,213f141c00408c123b3f8a08d73c4ffee43820f47d333feac42cece0e52465d8,0,1,0,0,1
1023,1023,0,63c5ec073dcaf41177d0861be9d7632462e0522caae91e3384f39b38b1fda53c,0,1,0,0,1
